Account,Number Owned,last Active
0xc352b5,429,12 days ago
0xb7f7f6,310,17 hours ago
0xa25803,254,1 month ago
0xb88f61,215,4 months ago
0x577ebc,173,26 days ago
0x69021a,147,
0x26f744,141,4 years ago
0xcc7c33,126,3 days ago
0xcffc33,125,1 month ago
0x6f4a2d,103,1 day ago
0xd79b93,102,1 month ago
0x51688c,100,
0x6611fe,99,5 days ago
0x31a5ff,98,
0x4084df,98,
0x062c54,93,1 month ago
0x717403,89,3 years ago
0xdde8df,82,2 months ago
0x3be89b,78,4 days ago
0x6301ad,75,25 days ago
0x7760e0,66,3 years ago
0x00b278,63,20 days ago
0xd6a984,59,1 month ago
0xff36ff,54,
0x4d8e16,52,
0x269616,51,3 days ago
0x4bbb41,50,7 months ago
0xb47a70,49,21 days ago
0x005734,46,4 years ago
0x2cc123,44,
0xc480fb,38,22 days ago
0x8f6b1e,38,12 days ago
0x032057,38,1 month ago
0x030def,37,16 days ago
0x2f2f23,37,1 month ago
0x97ad15,35,
0xc24f57,34,26 days ago
0x0e9aed,31,11 days ago
0x8fa20d,30,
0x78f026,30,2 days ago
0xc6a820,30,7 months ago
0x052564,29,1 day ago
0xf605c6,29,10 days ago
0x758353,29,1 month ago
0x66c7a7,28,2 years ago
0xbb67d2,26,
0x561786,25,1 month ago
0xc52650,25,1 month ago
0x94de7e,25,6 days ago
0x231d68,24,1 month ago
0x9df947,23,
0x3295df,23,2 years ago
0x68a7ac,22,6 months ago
0x9ae891,22,1 month ago
0xbb1ec7,22,1 month ago
0xd5b171,21,1 day ago
0x530afa,21,5 months ago
0x1da533,21,1 month ago
0xb89c2f,19,1 month ago
0xc2f87f,19,5 months ago
0x44fab5,19,4 years ago
0x940fec,18,1 month ago
0x024bcb,18,3 days ago
0xb4bb41,18,6 days ago
0x896848,18,1 month ago
0x584cdf,18,2 months ago
0x702a39,18,1 month ago
0xef768e,18,1 day ago
0xae33cc,18,
0x2a5380,17,7 months ago
0xdd9d84,17,4 years ago
0xb0dafc,17,1 day ago
0xe83c75,16,1 month ago
0x8be6ad,16,27 days ago
0x175b49,16,
0xcf8401,16,28 days ago
0x025855,15,11 days ago
0x32dd07,15,1 month ago
0xe5c4c4,15,1 month ago
0x82b1f2,15,1 month ago
0x1e36a5,14,1 month ago
0x8e7644,14,2 months ago
0x275463,14,
0x8ca89c,14,3 years ago
0x50dd57,14,27 days ago
0xb70c1a,14,4 days ago
0xa8f8f5,14,5 days ago
0x9d3f4e,14,7 months ago
0xe30161,13,1 month ago
0x744739,13,4 years ago
0x4c1147,13,4 years ago
0x47d4f2,13,2 months ago
0x762ec7,13,
0xfe0d9a,13,
0xbd33b5,12,10 days ago
0x7a3960,11,13 days ago
0xfe2f27,11,3 days ago
0x2e675e,11,
0x51ec89,11,2 months ago
0xd24ff5,11,
0x98cfea,11,8 months ago
0xdc9e11,11,
0xed4701,11,2 months ago
0x84d34f,11,1 month ago
0x9145f1,11,
0x79bb50,10,
0x808450,10,10 days ago
0x303052,10,3 months ago
0x50664e,10,29 days ago
0x422fac,10,11 days ago
0x0da0df,10,1 month ago
0xa64bdd,10,3 years ago
0x9e1e40,10,1 month ago
0x8adbff,10,1 month ago
0x27c79a,10,1 month ago
0xcbefa0,10,1 month ago
0xf36972,10,29 days ago
0xcd2c66,10,1 month ago
0x9674ed,10,27 days ago
0xe20388,9,2 days ago
0x516358,9,1 month ago
0xdb25e3,9,1 day ago
0x2e0c34,9,
0x279679,9,1 month ago
0x5d89cc,9,
0x897aea,9,
0xf2ef56,9,23 hours ago
0xe8723d,9,6 days ago
0xe5545c,9,1 month ago
0xe75021,9,3 days ago
0x6ec30f,9,2 days ago
0x51636d,9,27 days ago
0x28784d,9,7 months ago
0xd4fa6e,9,1 month ago
0x51853e,9,1 year ago
0x01ec73,9,6 months ago
0xfeeb2d,9,6 days ago
0x800b4d,9,4 years ago
0x374bd1,9,7 months ago
0x8dbbca,9,29 days ago
0xdfc055,9,4 months ago
0x7d4823,9,29 days ago
0xce90a7,9,17 days ago
0xc5faf1,9,26 days ago
0x83506d,9,1 month ago
0x6639c0,9,2 days ago
0x9e427e,8,4 days ago
0x4322aa,8,1 month ago
0x65b1b9,8,22 hours ago
0x18e804,8,1 month ago
0x645eb3,8,1 month ago
0x8e6621,8,1 month ago
0xc46db2,8,2 days ago
0x06bf2b,8,25 days ago
0xfe83a0,8,
0xdb9187,8,
0x3689df,8,25 days ago
0x88c500,8,1 month ago
0x5f18f9,8,5 months ago
0x67c443,8,7 months ago
0xae7721,7,7 days ago
0x4db1dd,7,5 months ago
0x0a8f40,7,
0x2503e9,7,1 month ago
0xb79cd7,7,1 month ago
0x968b61,7,1 year ago
0xc72f3a,7,2 years ago
0xb38071,7,1 month ago
0x71710e,7,4 months ago
0x470e9b,7,3 years ago
0x729fcb,7,4 years ago
0x1c38e6,7,15 days ago
0x415424,7,12 days ago
0xb3e085,7,
0xce7a9f,7,1 month ago
0x449c69,7,1 month ago
0xa351a4,7,6 days ago
0x3ee505,7,4 months ago
0x7c00c9,7,14 days ago
0x5b53cb,7,18 days ago
0x8ad272,6,1 month ago
0x7d4d1f,6,1 month ago
0x75cfed,6,10 days ago
0x944d32,6,7 hours ago
0xf4b4a5,6,26 days ago
0x268169,6,2 months ago
0xd387a6,6,4 days ago
0x299937,6,1 year ago
0x7f3560,6,15 days ago
0xcd1ab2,6,
0xd16d91,6,
0x93730c,6,
0xe03559,6,29 days ago
0x8b7a5b,6,1 month ago
0xc182d8,6,4 years ago
0x8c6d56,6,4 years ago
0x1c41d8,6,
0xcffc60,6,29 days ago
0xf1e1c7,6,1 month ago
0x0d93bc,6,17 hours ago
0x533111,6,12 days ago
0x362b63,6,11 days ago
0x008c84,6,1 month ago
0x96a691,6,1 month ago
0xf3016b,6,11 days ago
0xba19ba,6,4 months ago
0x3fa5b6,6,1 month ago
0xa486c7,6,2 months ago
0x0ed1e0,6,29 days ago
0x850cae,6,7 days ago
0xd6ef9b,6,1 month ago
0x3624df,6,6 months ago
0x59a549,6,7 months ago
0x7dfb9a,6,
0xff0bd4,6,1 month ago
0x185703,6,1 year ago
0xc40df8,5,1 month ago
0xcaf6fd,5,4 months ago
0x304288,5,1 month ago
0x6fb3ae,5,1 month ago
0x536c73,5,
0x8ed4d3,5,8 days ago
0xa06ad2,5,1 month ago
0xc2e32b,5,1 month ago
0xca5e7f,5,
0x9e67d0,5,4 days ago
0x8a3d2e,5,1 month ago
0x5d43e8,5,1 month ago
0xa99a76,5,12 days ago
0xd72bb0,5,12 days ago
0xee4512,5,1 month ago
0xd9fab8,5,
0x3285ba,5,
0x20a6f2,5,1 month ago
0x0a4eaf,5,5 months ago
0x2e5e22,5,17 days ago
0x6abc0b,5,1 month ago
0x7f3aff,5,11 days ago
0xebf1db,5,1 month ago
0x076d14,5,6 months ago
0xbcb8c5,5,1 month ago
0x4f3a12,5,29 days ago
0x3f1724,5,1 month ago
0x81b9a5,5,1 month ago
0xcd8edd,5,5 months ago
0xa9bfa9,5,4 years ago
0x560b92,5,4 years ago
0xc8c115,5,4 years ago
0xddfdcb,5,11 days ago
0xa6e2e9,5,4 months ago
0x1d28a7,5,4 days ago
0xaec988,5,7 months ago
0xc46f43,5,4 years ago
0xfaf9f6,5,1 month ago
0xbbaf6d,5,13 days ago
0xbcda18,5,
0x513068,5,4 years ago
0x000002,5,4 years ago
0x7797cf,5,4 years ago
0x000001,5,4 years ago
0x6f35b0,5,2 months ago
0xe2cea5,5,2 months ago
0xede69f,5,4 months ago
0x485248,5,
0x7224a1,5,1 month ago
0xec7641,5,2 months ago
0x0521a0,5,1 month ago
0x7c0830,5,4 days ago
0x8deeb3,5,1 month ago
0xebf02c,5,1 month ago
0xfd2200,5,2 months ago
0x38b80a,5,1 month ago
0xf0d699,5,27 days ago
0x52ad8f,5,4 days ago
0x1919db,5,18 hours ago
0x800366,5,
0xdf612c,5,5 days ago
0x696ed7,5,10 hours ago
0xdf4c62,5,6 days ago
0x87b170,5,22 days ago
0x43fb99,5,6 days ago
0xbac42c,5,1 month ago
0xea2606,5,1 day ago
0x538285,5,10 days ago
0x83e551,5,23 days ago
0x79bc17,5,
0xae7bca,5,2 days ago
0xe9562d,5,27 days ago
0x8225ac,5,1 month ago
0xb09068,5,1 month ago
0xb4d8b8,5,
0x5320f1,5,1 month ago
0xb5b84e,5,27 days ago
0x00668b,4,29 days ago
0x70098a,4,6 days ago
0x5b713f,4,1 month ago
0xa34d2d,4,1 month ago
0xf5993d,4,10 days ago
0xeefec5,4,5 months ago
0x4d26d1,4,6 days ago
0xd3e2e7,4,15 days ago
0x975581,4,3 months ago
0xcec3dc,4,1 day ago
0xdda77c,4,3 days ago
0xfab9b8,4,1 month ago
0x2079c2,4,1 month ago
0xcfd696,4,
0x6456f2,4,29 days ago
0x4680cb,4,21 days ago
0x18ee9c,4,21 days ago
0x05c6df,4,1 day ago
0xd7e077,4,5 months ago
0xc22e7d,4,1 month ago
0xc842ce,4,1 month ago
0xf1ad94,4,1 month ago
0x9a70d8,4,
0x9d9de0,4,28 days ago
0x97e9a4,4,
0x8fb3a8,4,
0xc06dbd,4,7 months ago
0x023ef7,4,2 days ago
0x384bfb,4,25 days ago
0x865904,4,1 month ago
0x61fef9,4,10 days ago
0x09bdf0,4,3 years ago
0x0a28cb,4,
0xa0bc78,4,
0x592a51,4,10 days ago
0x9293c3,4,18 days ago
0xe34bde,4,1 month ago
0xdd3a68,4,1 month ago
0x007508,4,1 month ago
0x606e83,4,4 years ago
0x3fba2d,4,4 years ago
0xb716b0,4,4 years ago
0xa8aaa1,4,4 years ago
0x6c22fa,4,4 years ago
0x888104,4,4 years ago
0xb5e6ac,4,12 days ago
0xee269a,4,
0x4da94e,4,5 months ago
0xc404dd,4,1 month ago
0x3d4dfe,4,23 days ago
0x9ef55a,4,29 days ago
0xd12e27,4,2 days ago
0x9ad613,4,1 month ago
0x6aeda0,4,29 days ago
0xbf23b3,4,1 month ago
0xb9fddb,4,5 months ago
0x068315,4,6 months ago
0xef6d69,4,3 months ago
0x97db27,4,4 days ago
0x02c52e,4,6 days ago
0x4c3f90,4,1 month ago
0x51cd54,4,1 year ago
0xc79b1c,4,1 month ago
0x0481ac,4,1 year ago
0xb813c6,4,29 days ago
0x2b9410,4,12 days ago
0xdc25e8,4,10 days ago
0x930af7,4,1 month ago
0xdf6754,4,
0x4074bc,4,1 month ago
0x830cc1,4,21 days ago
0x61f52f,4,28 days ago
0x25f9e2,4,11 days ago
0x2f7f6f,4,2 days ago
0x2536c0,4,5 months ago
0xcfc505,4,29 days ago
0xeb1c22,4,4 months ago
0x2f44fb,4,9 days ago
0xf6bc89,4,29 days ago
0x2e2e26,4,12 days ago
0x271b97,3,
0x56e6be,3,
0x9cc5f0,3,1 month ago
0xf9ff23,3,1 day ago
0x999e77,3,1 month ago
0x657867,3,
0x2ba7f9,3,7 months ago
0x92ed97,3,4 months ago
0x30fe9e,3,
0x440631,3,29 days ago
0x1b5038,3,7 months ago
0xd9a657,3,1 month ago
0x78edda,3,1 month ago
0x303662,3,1 month ago
0x64756a,3,1 month ago
0x4dfac3,3,1 month ago
0x0eb9a7,3,5 days ago
0x91338c,3,2 hours ago
0x54ac13,3,
0x592449,3,12 days ago
0x13623e,3,5 hours ago
0x3be134,3,
0xed9846,3,1 day ago
0x35126e,3,3 months ago
0x1a1f33,3,3 days ago
0xc70a09,3,4 months ago
0x0ec348,3,1 month ago
0x9cbd7d,3,
0xd65973,3,7 months ago
0x51d858,3,1 month ago
0xaf5bdc,3,1 year ago
0x113d75,3,2 days ago
0x55afb7,3,17 days ago
0x1e32a8,3,28 days ago
0x9b5aaa,3,3 days ago
0xa80be8,3,1 month ago
0x018edc,3,7 days ago
0xd0c877,3,4 months ago
0x5b1c25,3,6 days ago
0x1d337f,3,1 month ago
0xee8eee,3,3 days ago
0x3185fa,3,1 month ago
0x3ff68e,3,7 months ago
0x0a690b,3,11 days ago
0x38a161,3,1 month ago
0x215fed,3,10 months ago
0x90b653,3,9 hours ago
0x94c1d7,3,1 month ago
0x9ca9b5,3,3 years ago
0x278dcb,3,7 months ago
0xe703f2,3,2 days ago
0x3ab536,3,2 years ago
0xeb5889,3,3 years ago
0x81facc,3,2 days ago
0x888522,3,4 years ago
0x8b6fb9,3,
0xc830eb,3,2 hours ago
0x73e4a2,3,1 month ago
0x6e5b3f,3,4 years ago
0x1e5fe5,3,11 days ago
0x54863d,3,23 days ago
0x844959,3,2 years ago
0x6e289e,3,
0x747be1,3,4 years ago
0x7512c6,3,8 hours ago
0x9345d6,3,4 years ago
0x423997,3,4 years ago
0x042ebb,3,4 years ago
0xbf9888,3,4 years ago
0x05083f,3,6 months ago
0xd7047c,3,14 days ago
0x9f586e,3,12 days ago
0x54be3a,3,1 month ago
0xde6237,3,21 days ago
0x78e96b,3,1 month ago
0x87f806,3,28 days ago
0xfe0f33,3,4 months ago
0x4b4c13,3,1 month ago
0x045f16,3,1 month ago
0x5655c4,3,
0x961d63,3,1 month ago
0xb42bfb,3,
0x904e43,3,1 day ago
0x13f6f1,3,12 days ago
0x72bf7f,3,
0xb5696e,3,19 hours ago
0x3432b4,3,1 month ago
0x5a85bc,3,11 days ago
0x0dfe9c,3,1 month ago
0x778608,3,1 month ago
0x20eadf,3,7 months ago
0xeec5cb,3,1 month ago
0xc33021,3,
0xa5d0d5,3,6 months ago
0x04c36d,3,23 days ago
0x64d1cb,3,
0xa420d9,3,29 days ago
0x9b4575,3,1 month ago
0xc15753,3,3 days ago
0x8e3934,3,1 month ago
0xa397d0,3,29 days ago
0xe9d1ee,3,
0x9dfc5a,3,25 days ago
0x2ac38f,3,11 days ago
0x5399a0,3,3 months ago
0xc50bc8,3,25 days ago
0xf5c1d5,3,1 month ago
0x32cc2e,3,1 month ago
0x044155,3,1 month ago
0xffa914,3,24 days ago
0x541d7b,3,
0x0cacc6,3,9 days ago
0x36ed2d,3,1 day ago
0x40d775,3,1 month ago
0xfaa550,3,1 month ago
0x6491bc,3,1 month ago
0x05e06f,3,7 months ago
0x15741c,3,
0xbe3106,3,
0x490791,3,
0x8b007e,3,2 months ago
0x50ec37,3,25 days ago
0x6277a1,3,21 days ago
0x065b72,3,12 days ago
0xb53349,3,1 month ago
0xbd4aae,3,1 month ago
0xe7449d,3,1 month ago
0xd038d1,3,
0xf40b3d,3,1 month ago
0x064cfc,3,7 months ago
0x7c4532,3,
0xf3b0f4,3,19 hours ago
0x0a846c,3,1 day ago
0xc72aed,3,18 days ago
0x944f9f,3,2 days ago
0x70dd07,3,1 month ago
0xc77fa6,3,12 hours ago
0x61d9d9,3,24 days ago
0x7efe3a,3,2 months ago
0x2e5ccf,3,6 days ago
0x9b4da8,3,1 month ago
0xfe1ece,3,
0xe5200a,3,1 month ago
0x91c782,2,16 days ago
0xff0cb0,2,1 month ago
0x0dc1c0,2,23 hours ago
0xf897c8,2,1 month ago
0x123432,2,24 days ago
0x1b90d1,2,4 months ago
0xd76aa5,2,28 days ago
0x2649c4,2,2 months ago
0x9dd156,2,
0x7811c6,2,5 days ago
0xee3e55,2,
0x9653d3,2,
0x1e0686,2,6 months ago
0x5f9d41,2,1 month ago
0x132ddc,2,
0x7e455c,2,28 days ago
0x9fdaaf,2,4 months ago
0xd33227,2,
0x0a9cf9,2,
0xeca588,2,
0xf72cf7,2,1 month ago
0x811e43,2,4 days ago
0x6959e3,2,
0x45f970,2,1 year ago
0x9ec1a8,2,1 month ago
0xd2c1a0,2,11 days ago
0xf69d00,2,1 month ago
0x36c217,2,
0x04e91c,2,7 days ago
0x729dd7,2,2 months ago
0x070360,2,14 days ago
0xa374a9,2,14 days ago
0x485be9,2,1 month ago
0x0eceb7,2,
0xdbf584,2,6 months ago
0x80ac8b,2,21 days ago
0xe10824,2,1 month ago
0x74be0a,2,12 days ago
0x5aa688,2,5 hours ago
0x92662f,2,1 month ago
0x6f574f,2,
0xb6c5b1,2,1 month ago
0x0bf701,2,
0xedcb09,2,1 month ago
0xd5509e,2,1 month ago
0xddf94e,2,25 days ago
0xd049b3,2,1 month ago
0xe85740,2,1 month ago
0x963331,2,4 months ago
0x8bd7a0,2,9 months ago
0x08882c,2,
0xb4079f,2,2 months ago
0xedb7f3,2,7 months ago
0xe2e58b,2,14 days ago
0xe896e5,2,29 days ago
0xda75f6,2,1 month ago
0x905f48,2,1 month ago
0xc10b17,2,28 days ago
0x502ba2,2,5 months ago
0x01bf9d,2,
0xf77813,2,28 days ago
0x0e1f85,2,
0xa15084,2,4 months ago
0xaaa3f0,2,12 days ago
0x2e50b2,2,1 year ago
0xd1afbe,2,1 day ago
0xf71212,2,1 month ago
0xaf297d,2,1 month ago
0x4eea85,2,22 hours ago
0x57524e,2,1 month ago
0xc585d3,2,24 days ago
0x1e0a98,2,1 month ago
0xdb2b36,2,12 days ago
0xee2b7f,2,3 days ago
0xef8d16,2,
0xe9581f,2,12 days ago
0x93321b,2,
0x62175f,2,1 day ago
0x6b1297,2,4 months ago
0x8282d7,2,20 days ago
0x3612b2,2,5 months ago
0x02a165,2,1 month ago
0x600f9e,2,
0xe3e691,2,1 year ago
0xce810c,2,4 days ago
0xb394f1,2,11 days ago
0x8c173b,2,1 month ago
0x4925fc,2,1 month ago
0xf2df96,2,1 month ago
0xb890f2,2,12 days ago
0xac31cd,2,
0xffb6d9,2,1 month ago
0xbf8afa,2,1 month ago
0x0a53e2,2,23 days ago
0xad3372,2,3 months ago
0xc6b758,2,5 days ago
0xa59fe5,2,20 days ago
0xc61aa3,2,6 months ago
0x1fafa6,2,4 months ago
0x59bb7b,2,6 months ago
0x16c5d7,2,7 months ago
0x74d430,2,
0xfc4842,2,1 day ago
0x68d4a6,2,6 months ago
0x0d4428,2,
0x1d12d0,2,13 days ago
0xab6ca2,2,19 days ago
0x4d3dfd,2,
0x24e267,2,1 month ago
0x8a473e,2,19 days ago
0xfcbca5,2,1 month ago
0x289f9f,2,1 month ago
0x31ac98,2,5 months ago
0x60417d,2,
0x2a2efc,2,1 day ago
0xe9c636,2,
0x4e84a9,2,26 days ago
0x338fd1,2,4 days ago
0xc8b362,2,
0x274a8b,2,10 months ago
0x2ab173,2,26 days ago
0x279818,2,1 month ago
0x0f0173,2,1 month ago
0xcba7a8,2,20 days ago
0x1baec9,2,1 month ago
0xbcf489,2,5 months ago
0x5ac996,2,1 month ago
0xb10004,2,1 month ago
0xbf9f5a,2,11 days ago
0xcd9474,2,1 month ago
0xaa14c4,2,27 days ago
0x3b99bf,2,1 month ago
0x5c407c,2,11 days ago
0xea0829,2,
0xf6b185,2,2 days ago
0xa10f5d,2,
0xd9c980,2,4 days ago
0xa910fa,2,6 months ago
0x5994cb,2,
0x1a1824,2,4 months ago
0xb1cc18,2,4 days ago
0x914f4d,2,2 days ago
0x5ca618,2,1 month ago
0xc3c14f,2,21 days ago
0x0154d2,2,4 months ago
0x21a0a2,2,4 days ago
0x3d0ad9,2,1 month ago
0x033041,2,1 month ago
0xc05490,2,1 month ago
0x40145f,2,29 days ago
0x742117,2,20 hours ago
0x0e79c6,2,2 months ago
0xd7ed13,2,26 days ago
0xff70ec,2,29 days ago
0x12fc65,2,1 month ago
0x584075,2,1 month ago
0x186980,2,3 days ago
0xff43da,2,
0xe16df6,2,1 month ago
0x6ef237,2,1 month ago
0xe9325c,2,
0x5b098b,2,5 months ago
0x8884f2,2,4 years ago
0x050a3b,2,26 days ago
0x8ca246,2,7 days ago
0x12f8de,2,11 days ago
0xcaf02c,2,23 days ago
0x730fde,2,
0x8b1083,2,1 month ago
0x7e23a0,2,23 days ago
0x28679a,2,2 months ago
0x4cd2c4,2,
0xe89664,2,1 month ago
0x1288e3,2,
0xff3d22,2,6 days ago
0x8a4f86,2,5 months ago
0x2cefb2,2,2 months ago
0x09d408,2,26 days ago
0x0320e2,2,1 month ago
0x030d7a,2,1 month ago
0xf91c7f,2,
0x517fe8,2,7 months ago
0x88d357,2,1 month ago
0x8bf6ef,2,12 hours ago
0xaea8e3,2,12 days ago
0xd3450d,2,1 month ago
0xee8dbe,2,14 days ago
0x07ecd9,2,
0xe42abe,2,6 days ago
0x97916e,2,
0x618629,2,1 month ago
0xbd9b73,2,10 months ago
0x58f187,2,3 years ago
0xd1295f,2,1 month ago
0x555301,2,5 months ago
0x9f719e,2,10 days ago
0x33f848,2,18 days ago
0x7d4c4d,2,1 month ago
0x655c91,2,3 years ago
0xe9e7b8,2,1 month ago
0x89f42c,2,1 month ago
0xe8d848,2,21 days ago
0x96cda1,2,3 years ago
0x534a00,2,1 month ago
0x4fe547,2,6 days ago
0x552f01,2,1 month ago
0x4ecf4b,2,14 days ago
0x7d9f4a,2,4 years ago
0xf47ff4,2,1 month ago
0x2ecbb9,2,7 months ago
0xb9cdeb,2,
0x176546,2,23 days ago
0xa3274c,2,
0xc14299,2,
0x7e21cd,2,4 months ago
0x4f94fa,2,2 months ago
0x7eb28b,2,1 month ago
0xd9c61c,2,4 months ago
0xaf3496,2,3 days ago
0x80be64,2,1 month ago
0x7aed31,2,1 month ago
0x0e4333,2,
0xe67521,2,4 years ago
0xfba169,2,20 days ago
0x8a873b,2,3 years ago
0xc0d95f,2,17 days ago
0x067107,2,5 months ago
0x124183,2,16 days ago
0xa7eba7,2,21 days ago
0xbbe0ca,2,6 days ago
0xe1994b,2,1 month ago
0x5b2117,2,10 days ago
0x04fd71,2,23 days ago
0x3889a7,2,1 month ago
0x7cfa31,2,6 months ago
0xde0b9c,2,28 days ago
0x7701ad,2,
0xe8ec6f,2,3 days ago
0x7eac94,2,6 months ago
0x254459,2,4 months ago
0x9a6a87,2,4 years ago
0xa4ba53,2,4 months ago
0x0d2983,2,4 years ago
0x005612,2,4 years ago
0x6f78c7,2,4 months ago
0x2b6169,2,1 month ago
0xb148cd,2,4 years ago
0x6b4331,2,1 month ago
0x93d2b0,2,4 years ago
0x093eeb,2,4 years ago
0x838ca6,2,4 years ago
0xfbd8a3,2,4 years ago
0x849c1d,2,4 years ago
0xf7babf,2,29 days ago
0x3fc175,2,4 years ago
0x9b11aa,2,6 months ago
0xa73dc2,2,4 months ago
0xd771b0,2,
0xbdf1cd,2,
0x96e119,2,1 month ago
0x7ec0d3,2,
0x2128de,2,4 years ago
0xa06087,2,4 years ago
0xeae448,2,1 month ago
0x311a9e,2,6 months ago
0x4bc412,2,4 months ago
0x4d0bc0,2,7 days ago
0xa555d1,2,3 days ago
0xcce6a9,2,10 days ago
0xed3c3b,2,1 month ago
0x6b558c,2,12 days ago
0x806388,2,15 hours ago
0xcfc8e0,2,1 month ago
0x88bc3e,2,10 days ago
0x4de20e,2,29 days ago
0x5d42b7,2,
0xca147e,2,
0xeab444,2,
0x3dde27,2,8 months ago
0x2978f0,2,1 month ago
0x8753f6,2,11 days ago
0xa163a1,2,1 year ago
0x471ccd,2,1 month ago
0x45c0cd,2,1 month ago
0xf7a8f0,2,1 month ago
0xccc003,2,11 days ago
0xa422bf,2,24 days ago
0xb0182a,2,5 days ago
0xaf9f8a,2,25 days ago
0x2f700d,2,10 days ago
0x09758e,2,
0x535278,2,6 months ago
0x07bc45,2,2 months ago
0x8f10ae,2,14 days ago
0xb5fc89,2,1 month ago
0x0601d0,2,1 month ago
0x88a679,2,1 month ago
0x0b3905,2,2 months ago
0x037fd5,2,1 month ago
0xca37d8,2,19 hours ago
0xcaf473,2,17 days ago
0xe54420,2,6 months ago
0x570b4c,2,
0xa6e1ea,2,7 months ago
0x319d21,2,1 month ago
0x6c3675,2,1 month ago
0x1cfbf5,2,21 days ago
0xd3d7e5,2,1 month ago
0x36df21,2,12 days ago
0x363ef1,2,4 months ago
0x0f576f,2,29 days ago
0x29664e,2,1 month ago
0x294c7e,2,2 months ago
0x4947da,2,1 month ago
0x96ff1d,2,1 month ago
0x940e66,2,
0x997bd6,2,7 days ago
0x6625cb,2,
0x2debdf,2,1 month ago
0x989680,2,22 days ago
0x20cf73,2,10 days ago
0x3e9dac,2,1 month ago
0x2423b6,2,1 day ago
0x2458c1,2,9 days ago
0x77d550,2,4 months ago
0xc983b3,2,1 month ago
0x3df7eb,2,12 days ago
0x7e0f2b,2,
0x2f2087,2,
0x5ea123,2,1 month ago
0x591660,2,1 month ago
0x05e246,2,12 days ago
0x22de60,2,13 days ago
0xc43473,2,
0xf1d601,2,6 months ago
0x53774b,2,12 days ago
0x2ae826,2,8 months ago
0x5b7b54,2,
0xf7f7d7,2,27 days ago
0x3b93cb,2,1 day ago
0x4c4083,2,1 month ago
0xb09861,2,1 month ago
0xd57818,2,4 months ago
0xb2af1b,2,
0x75b624,2,1 month ago
0x850b57,2,1 year ago
0xeb09a1,2,1 month ago
0x8d80da,2,2 months ago
0x73ee16,2,7 months ago
0xc9d483,2,7 months ago
0x1c0511,2,1 month ago
0x9acbb5,2,1 month ago
0xa4288b,2,1 month ago
0x98e639,2,18 days ago
0xfe61b0,2,1 month ago
0xf94225,2,1 day ago
0xd35b39,2,1 month ago
0x6b6ae8,2,4 days ago
0xb47e3c,2,
0xdc5556,2,1 month ago
0x9c0a83,2,15 days ago
0xbcb925,2,
0x070c17,2,5 months ago
0x4d1f55,2,
0xb9f503,2,5 months ago
0xaab694,2,29 days ago
0x399abd,2,21 days ago
0x694eda,2,1 month ago
0x0199f4,2,5 months ago
0xc1ba29,2,
0x7a3022,2,20 days ago
0x997eda,2,2 months ago
0x283d4f,2,7 months ago
0x571c51,2,27 days ago
0x194f54,2,
0x5c4172,2,
0x10e2cf,2,10 days ago
0x11d1b5,2,
0xa62da2,2,
0x4c9da5,2,29 days ago
0x05b2ad,2,1 month ago
0x0713a6,2,27 days ago
0x321efa,2,15 days ago
0xe6c38d,2,14 hours ago
0x2f64b9,2,11 days ago
0x370cec,2,1 month ago
0xe3bf86,2,4 days ago
0xbce3bd,2,1 year ago
0x1fca36,2,25 days ago
0x787652,2,4 days ago
0x047d0c,2,1 month ago
0x989c7f,2,8 days ago
0xeabf79,2,1 month ago
0xe41e12,2,
0xbd19b1,2,5 months ago
0xdc7b5d,2,1 month ago
0x9616e3,2,1 month ago
0x83d66b,2,4 months ago
0xdc546f,2,1 year ago
0x5f3fb8,2,25 days ago
0x4ff055,2,3 days ago
0x739e2c,2,
0xb386e7,2,
0xd1c441,2,27 days ago
0x9e69a9,2,5 months ago
0x56cc38,2,
0x324f6e,2,12 days ago
0x23f707,2,6 months ago
0xe80547,2,1 month ago
0x85560d,2,19 days ago
0xc09b59,2,1 month ago
0xdcb485,2,
0xe4bbcb,2,1 month ago
0xbfd706,2,7 months ago
0x10a2df,2,1 month ago
0xbe8fe1,2,29 days ago
0xc3c046,2,8 days ago
0x42d2b7,2,25 days ago
0x9992db,2,19 days ago
0x46b4fa,2,7 months ago
0x2891a4,2,2 days ago
0xedf7b6,2,23 hours ago
0x41d5c9,2,1 month ago
0x6336fb,2,21 days ago
0x0c3195,2,11 days ago
0x4a8b9e,2,1 month ago
0x3d5569,2,1 month ago
0xde03d3,2,2 years ago
0x98949e,2,11 days ago
0xa247f7,2,1 month ago
0x33b17a,2,12 days ago
0xb52343,2,
0x99b57c,2,24 days ago
0x9b1a16,2,
0x702e9e,2,7 months ago
0x052ffe,2,2 years ago
0x6a0ed3,2,7 months ago
0xd9633d,2,2 months ago
0x92fab4,2,1 year ago
0x967fb9,2,2 years ago
0xe8c415,2,11 days ago
0xebe7f3,2,27 days ago
0x30e924,2,1 month ago
0xa7be95,2,
0x83f5ee,2,2 months ago
0x64e9cd,2,28 days ago
0x9cb8c1,2,2 months ago
0x0b4338,2,1 month ago
0x358963,2,19 days ago
0x76fb2e,2,
0xea9724,2,2 months ago
0x19771d,2,
0x8133a5,2,6 months ago
0xa35b23,2,1 month ago
0x5efdb6,2,13 days ago
0x285ce8,2,24 days ago
0xede64a,2,20 days ago
0x996435,2,29 days ago
0x9dcf98,2,1 month ago
0x07e726,2,
0xe281b9,2,1 month ago
0x86ab84,2,1 month ago
0x1b672e,2,1 month ago
0xceb810,2,
0x98d365,2,1 month ago
0xda202a,2,7 months ago
0xa1b2c1,2,7 months ago
0x03490e,1,3 days ago
0x106ac3,1,1 year ago
0xf3fd33,1,1 month ago
0x38caf2,1,9 days ago
0x581e24,1,
0x3ebd49,1,22 days ago
0x2befb4,1,3 days ago
0x1583b0,1,18 days ago
0x36e955,1,7 months ago
0x09ba0d,1,16 days ago
0x7508e4,1,1 month ago
0x687ecb,1,
0xa49487,1,4 months ago
0xd7be28,1,1 month ago
0xaa4672,1,1 month ago
0x2d6dbb,1,4 months ago
0x0688d9,1,5 months ago
0x438ca4,1,
0xfa53d8,1,1 month ago
0x5071f6,1,1 year ago
0x13d33c,1,19 hours ago
0xc0fba4,1,1 month ago
0x358605,1,2 months ago
0xa5d76c,1,1 hour ago
0x5a253d,1,2 months ago
0x05467e,1,12 days ago
0xed345b,1,26 days ago
0xb0ca2e,1,4 days ago
0x28c695,1,1 month ago
0x3c1d6d,1,8 months ago
0x1a95fc,1,26 days ago
0x0c9afd,1,1 month ago
0x639baa,1,4 months ago
0xeb4d2e,1,
0x9de43a,1,27 days ago
0x4710e3,1,2 years ago
0x481676,1,29 days ago
0xc924f3,1,2 months ago
0x0fc185,1,
0x88a6d5,1,4 months ago
0xcd3523,1,1 month ago
0xc219ca,1,1 month ago
0x2ee867,1,
0xb6e578,1,2 years ago
0x5743e4,1,4 months ago
0xcb1df6,1,
0xcf74e4,1,4 months ago
0x2b468e,1,12 months ago
0x75b9a5,1,
0x3b7f24,1,2 days ago
0x0328a5,1,4 months ago
0x743b87,1,1 month ago
0x14637b,1,26 days ago
0xb5d13a,1,7 months ago
0xa16a9f,1,1 month ago
0xa1c0a5,1,
0xe5ee2b,1,1 month ago
0xf7845c,1,16 days ago
0x258fc9,1,5 months ago
0xf32c70,1,
0xa14964,1,1 day ago
0x7af332,1,8 days ago
0x53acf5,1,1 month ago
0xbf1c11,1,1 month ago
0x8aa04e,1,7 months ago
0xc948eb,1,7 days ago
0x6027b4,1,18 days ago
0x5384b8,1,1 month ago
0xacdaee,1,
0x4c6d87,1,1 month ago
0x8785b7,1,
0x41a3c9,1,26 days ago
0x003f6b,1,1 year ago
0xd3a2a7,1,1 month ago
0x7aae0c,1,1 month ago
0x32f348,1,5 months ago
0xaea57c,1,9 days ago
0x9c3862,1,1 month ago
0x5f538e,1,1 month ago
0x5b1de8,1,
0x7caac6,1,7 months ago
0xc2592f,1,3 months ago
0x48d8bb,1,5 months ago
0x893f0c,1,5 months ago
0x2e0a4f,1,
0x0ec5b4,1,4 months ago
0x1db2eb,1,18 days ago
0x40a628,1,4 days ago
0x0f692f,1,3 months ago
0xd800fc,1,5 months ago
0xc36efb,1,26 days ago
0xbde2dd,1,1 month ago
0xe518e4,1,
0x5c4fe9,1,
0xcae51a,1,
0x1819bc,1,3 days ago
0xe9243b,1,1 month ago
0xbfe827,1,7 months ago
0x0b3dd7,1,3 days ago
0xf905bb,1,3 months ago
0x98d633,1,
0x4172f1,1,
0xb4b878,1,
0x0242b0,1,7 months ago
0x1fb540,1,1 month ago
0x085843,1,1 month ago
0xd5438f,1,23 days ago
0x38d0db,1,6 days ago
0x151dcb,1,
0xd55ff8,1,
0x3a56db,1,21 days ago
0xced266,1,1 year ago
0x42eb89,1,28 days ago
0xf197ab,1,5 months ago
0x7a534e,1,
0x973422,1,
0x6bf97f,1,4 months ago
0x6d2a4f,1,
0xe41691,1,4 months ago
0x85257f,1,4 months ago
0x80f9f1,1,
0xf2907a,1,4 days ago
0x20654e,1,17 days ago
0x426baa,1,2 years ago
0xb34519,1,1 month ago
0x0e103a,1,
0x9649e3,1,4 months ago
0x97fdf6,1,3 days ago
0x704c97,1,1 month ago
0x78624c,1,1 month ago
0x341e1c,1,7 months ago
0xbb511a,1,
0x69e17c,1,12 days ago
0xa635a5,1,1 month ago
0x0d7bf6,1,3 months ago
0x42f84b,1,
0xfda9b8,1,1 month ago
0x31b415,1,2 years ago
0xd68c59,1,6 days ago
0x742709,1,1 month ago
0x286076,1,12 days ago
0x3c1cf8,1,
0x42777c,1,
0xe49288,1,1 month ago
0x97df81,1,
0xe92c9e,1,7 months ago
0x95e8bc,1,2 months ago
0x312b0a,1,23 days ago
0x1a1dd4,1,1 month ago
0xd83946,1,1 month ago
0x8c97cf,1,7 months ago
0x55e7ca,1,24 days ago
0xf3e6ba,1,1 month ago
0x3d280f,1,1 month ago
0x351896,1,4 months ago
0xa04141,1,17 days ago
0xe1db83,1,1 month ago
0x038f72,1,7 days ago
0xc2764c,1,1 month ago
0xeca244,1,23 days ago
0xc7d887,1,22 days ago
0x08195c,1,
0x71546e,1,5 months ago
0x7f0959,1,25 days ago
0x7e1377,1,13 days ago
0x1e2f87,1,
0xc4b9d2,1,1 month ago
0xdc4382,1,
0xb10437,1,3 months ago
0xcda094,1,18 days ago
0x9c5083,1,1 month ago
0xdb1c00,1,
0x52c8bc,1,25 days ago
0x0c2db7,1,1 month ago
0xac13ad,1,26 days ago
0x1d163a,1,7 days ago
0x0120b4,1,29 days ago
0x3dca36,1,7 months ago
0xef8820,1,
0x85817e,1,
0x32c8d6,1,1 month ago
0xca3be8,1,1 month ago
0x302864,1,1 month ago
0x77a227,1,
0xdecaf9,1,
0x2f1167,1,1 month ago
0x50cde7,1,5 months ago
0xec4b06,1,3 months ago
0xcd879e,1,15 days ago
0x560e77,1,6 months ago
0x8b087f,1,5 months ago
0x9273eb,1,
0xd4b9ae,1,
0xc4f842,1,24 days ago
0xa083af,1,7 months ago
0xd7510a,1,1 month ago
0xa87545,1,
0xad74d7,1,1 month ago
0x05eac5,1,
0x130e75,1,1 month ago
0x10e764,1,28 days ago
0x98d562,1,1 year ago
0x93d020,1,4 months ago
0x5b68ee,1,2 years ago
0x67f57e,1,
0x3bb0fe,1,1 year ago
0xbaea3c,1,
0x04a301,1,
0x08e32d,1,
0x7d6e29,1,6 months ago
0x527442,1,1 month ago
0xf9ea2b,1,2 months ago
0xebc8ff,1,1 month ago
0x762b35,1,12 days ago
0xbc9eca,1,
0x7500af,1,4 months ago
0x7cfa12,1,
0xeee5eb,1,9 months ago
0xc665a6,1,23 days ago
0x0dc467,1,
0xd3d360,1,1 month ago
0x1cbb87,1,12 hours ago
0x561b01,1,1 year ago
0x73347b,1,29 days ago
0x517ffc,1,6 months ago
0x3e863b,1,1 month ago
0x442c2a,1,
0x2e0d63,1,5 months ago
0xec959f,1,7 months ago
0x071920,1,1 month ago
0xc8c4ab,1,1 year ago
0xd45c67,1,2 months ago
0xa566b9,1,
0xee7c71,1,4 days ago
0xac768d,1,12 days ago
0x13c59c,1,1 month ago
0xd3804a,1,
0x0969a4,1,
0xe0908c,1,5 months ago
0xd9a77b,1,1 year ago
0x5cde15,1,1 month ago
0x047966,1,1 month ago
0x7cc95c,1,1 month ago
0x41d665,1,2 days ago
0xab6a4b,1,
0x9a2843,1,
0x8f1bb5,1,
0x3427f9,1,13 days ago
0xbb67fb,1,1 month ago
0x18dd20,1,12 days ago
0x777975,1,4 months ago
0x8ca440,1,1 month ago
0x355c0d,1,20 days ago
0x45795e,1,
0x12cfb1,1,1 month ago
0x61ab21,1,1 month ago
0x14b96e,1,5 months ago
0x416219,1,26 days ago
0xbc9048,1,4 days ago
0x13f137,1,7 months ago
0x4edddd,1,1 day ago
0xdefbb4,1,1 month ago
0x27ae7d,1,
0x4683d1,1,
0x180669,1,11 months ago
0x8227ea,1,
0xb0d3d0,1,
0xb62986,1,
0x4e79b9,1,
0xb2f772,1,4 days ago
0x032dab,1,
0x7e75eb,1,1 month ago
0x7f9b8c,1,2 days ago
0xd03d26,1,1 month ago
0xfbb886,1,
0x05ce47,1,3 months ago
0x070728,1,23 days ago
0xb67d58,1,2 months ago
0xd2e4d4,1,4 months ago
0x928147,1,9 days ago
0xbe535c,1,1 month ago
0x97594a,1,27 days ago
0xb072ea,1,4 hours ago
0x4d6906,1,6 days ago
0xb87f32,1,2 months ago
0x206dae,1,7 months ago
0x22fa8c,1,18 days ago
0x90078d,1,5 months ago
0xe8dd8d,1,
0x1dabc3,1,20 days ago
0xf8193a,1,
0x54b174,1,6 days ago
0xed5bd5,1,4 months ago
0xebde1c,1,6 months ago
0x7114d6,1,
0x28d8c3,1,
0x96fdfd,1,19 days ago
0xbcb6b1,1,
0xe113e7,1,1 month ago
0x2b0ed4,1,6 days ago
0xb14432,1,
0xea333c,1,
0xbf09e7,1,1 year ago
0xd6406c,1,
0xb98d10,1,
0xd96bcb,1,1 month ago
0x775db6,1,4 days ago
0x2604fb,1,9 days ago
0x4b2a62,1,1 month ago
0xb86a55,1,7 months ago
0x7a44d9,1,19 days ago
0xf453c5,1,
0xcfbae0,1,13 days ago
0x3ab612,1,28 days ago
0x7bf7b9,1,4 months ago
0x649f69,1,1 month ago
0x634aba,1,5 months ago
0x9dd4d1,1,5 months ago
0x71f388,1,
0x8e27bd,1,
0x41dd2c,1,
0x641cf1,1,1 month ago
0xe9bb41,1,
0x50f224,1,
0xfebaec,1,
0x914f2e,1,
0xbd0808,1,
0x8dd60e,1,2 months ago
0xeb381f,1,
0x3b417f,1,4 months ago
0x3680ea,1,
0xc26012,1,
0x738175,1,1 month ago
0x638b26,1,1 month ago
0xacf1f2,1,1 month ago
0xfff423,1,
0x6cbd72,1,3 months ago
0x550e97,1,
0x9d2d39,1,1 month ago
0xdbc522,1,6 months ago
0x2c92fc,1,
0xee582e,1,
0x56d954,1,1 month ago
0xc56d2c,1,24 days ago
0xcf6a52,1,7 months ago
0xd760ef,1,23 days ago
0x13aff6,1,1 month ago
0xd2d628,1,10 days ago
0x6d6a44,1,1 hour ago
0xe35c3d,1,3 days ago
0x083a11,1,1 month ago
0x4f582c,1,
0x8af2bd,1,3 months ago
0xb5cae9,1,1 month ago
0x90e5aa,1,1 month ago
0xafa3a8,1,3 days ago
0x354e09,1,1 month ago
0xc72d57,1,
0x9b31fe,1,1 month ago
0xd7b105,1,
0xc87c5a,1,5 months ago
0x8cf996,1,
0xdaba22,1,
0x5c5a4a,1,4 months ago
0x5fbe63,1,1 month ago
0xdce099,1,1 month ago
0x738df6,1,
0x586f4a,1,
0xe545c0,1,6 days ago
0xa80fae,1,12 days ago
0x98b69e,1,6 months ago
0x975779,1,1 month ago
0x7675cf,1,
0xa524d8,1,1 month ago
0x4803e1,1,
0x9428e5,1,18 days ago
0x614a61,1,3 months ago
0xf1bb65,1,1 month ago
0x5e78f1,1,
0x203bc2,1,3 months ago
0x190378,1,1 day ago
0xc1cfb9,1,
0x54f4a1,1,1 month ago
0x725cb5,1,
0x87bf15,1,
0xf6598c,1,1 month ago
0x0e1ea6,1,
0xd5b351,1,7 months ago
0xd0732c,1,
0x2da9b7,1,1 month ago
0x2b0785,1,1 month ago
0x37da0d,1,10 days ago
0xf95209,1,1 month ago
0xb44bc8,1,5 days ago
0x3ba53c,1,6 months ago
0x46ea9e,1,5 days ago
0x53dda0,1,1 month ago
0xf4493a,1,8 months ago
0xf2626e,1,
0x794098,1,
0xde2901,1,29 days ago
0xfe51c1,1,3 days ago
0x87c798,1,2 months ago
0xb4b8d2,1,
0xcc8f12,1,6 months ago
0x53124d,1,1 month ago
0xe71181,1,
0x873a20,1,
0x66b064,1,1 year ago
0x5fe98e,1,1 month ago
0x02970c,1,1 month ago
0x4ee538,1,19 days ago
0xa8a83c,1,2 days ago
0x0a0a22,1,29 days ago
0x4ebc8d,1,
0x585d66,1,1 month ago
0x34558f,1,
0x81d910,1,
0x2ac075,1,1 month ago
0xd0add2,1,4 days ago
0x54f35e,1,
0x784b8f,1,3 months ago
0xc7f354,1,17 days ago
0xf1c0fd,1,1 month ago
0x38a4d8,1,3 months ago
0x1f01d9,1,4 months ago
0x3d8ab4,1,8 months ago
0xf6210b,1,14 days ago
0x15a4c2,1,
0xdbc30d,1,1 month ago
0x09b6f9,1,7 months ago
0x2a7eaa,1,14 days ago
0x28a187,1,
0xf2012b,1,5 days ago
0x9225ae,1,
0x853dc6,1,
0xbf8f78,1,21 hours ago
0x569bf4,1,
0x0b8785,1,7 months ago
0xb20898,1,1 month ago
0xdb5a7b,1,
0xbd4e12,1,1 month ago
0x4a2088,1,10 months ago
0xdecd4b,1,2 months ago
0xb9682e,1,1 month ago
0x0b4984,1,
0x748065,1,5 months ago
0x8a168d,1,
0x1abed5,1,1 month ago
0x8fe7b1,1,
0x666dbb,1,
0x7c7d09,1,1 year ago
0x50b88f,1,5 months ago
0x7b6404,1,1 month ago
0x1f8dec,1,7 hours ago
0xf6a797,1,1 month ago
0x81c94a,1,
0xf64f0e,1,
0x0465f7,1,4 months ago
0x5a6e40,1,10 days ago
0x1757d4,1,4 months ago
0xd037a1,1,5 hours ago
0xf29617,1,1 month ago
0xcc52d4,1,1 day ago
0xddcc62,1,2 months ago
0x06e13b,1,
0x8f97c9,1,
0xd52784,1,
0x9373d1,1,
0x66fca1,1,1 month ago
0x37e870,1,
0x9dd78c,1,1 month ago
0xce4c8a,1,
0x3b6ff5,1,7 months ago
0x060d19,1,7 months ago
0x3bacc0,1,
0x565496,1,7 days ago
0xcf533a,1,7 months ago
0x42f1f7,1,21 days ago
0x2f120e,1,1 year ago
0xf65e16,1,9 months ago
0x828920,1,1 month ago
0xe77e4d,1,
0x8eaeb4,1,7 months ago
0x432dcb,1,
0xba0b39,1,1 month ago
0x4fe5d0,1,7 months ago
0x6d315b,1,6 days ago
0x55a073,1,
0x7b343c,1,
0xf4ffd6,1,4 months ago
0xd8aec9,1,3 months ago
0x0a8025,1,1 month ago
0x8779c4,1,4 days ago
0x2df2c9,1,16 days ago
0x899241,1,1 month ago
0x087f68,1,12 days ago
0xf20dc1,1,
0x19a011,1,
0x69e1c3,1,29 days ago
0x4047eb,1,20 days ago
0xc13149,1,5 hours ago
0xd44e9b,1,4 days ago
0x19d566,1,26 days ago
0x0c1928,1,1 year ago
0x677758,1,
0x297009,1,5 months ago
0xf1fcff,1,9 hours ago
0xb337eb,1,29 days ago
0x0ecd8a,1,22 days ago
0xaaaac0,1,
0x46b2bd,1,5 months ago
0xbb5eb7,1,6 months ago
0xaa75b8,1,20 days ago
0x55758f,1,6 months ago
0x91254a,1,25 days ago
0x22aa3f,1,1 month ago
0xc7fe19,1,15 days ago
0x54685c,1,17 days ago
0x1668c9,1,
0xeafc83,1,
0x47b78a,1,5 months ago
0xa29066,1,1 month ago
0x6be421,1,17 hours ago
0x4d31bd,1,
0x8262ec,1,1 month ago
0x391a1f,1,1 month ago
0x04e6f0,1,23 days ago
0xfcc6bc,1,15 days ago
0xd4718b,1,2 months ago
0x95fecf,1,23 days ago
0x3d8680,1,4 days ago
0x9a82d9,1,
0xfaf20a,1,7 months ago
0x519ac7,1,
0xa52877,1,25 days ago
0xbb322d,1,5 months ago
0x476a9c,1,
0xdd870a,1,
0x6b6675,1,6 days ago
0xd42fab,1,29 days ago
0x0ec629,1,1 month ago
0xb9c29b,1,7 months ago
0xfd03e2,1,4 days ago
0x03ff24,1,1 month ago
0x78ab74,1,1 month ago
0xe0e6a5,1,
0x253618,1,1 month ago
0xaa11a1,1,
0x077777,1,6 months ago
0xcc0096,1,1 month ago
0x7093f8,1,6 months ago
0x5b93ff,1,1 year ago
0xc69b46,1,
0xeb8140,1,1 month ago
0x000e8c,1,1 month ago
0x81ad69,1,4 days ago
0x59e1dc,1,15 days ago
0x1b523d,1,1 month ago
0x38c688,1,1 month ago
0x713282,1,1 month ago
0xa4df90,1,
0xf74887,1,1 month ago
0xda5b74,1,
0xfba647,1,5 months ago
0x996290,1,8 months ago
0xcb2e10,1,13 days ago
0x412714,1,
0xf8196c,1,26 days ago
0xd16b14,1,1 month ago
0xa3280e,1,4 days ago
0xe6030d,1,
0x182347,1,4 days ago
0x2f6714,1,8 days ago
0xc31afe,1,1 month ago
0xa38cdb,1,3 days ago
0x285901,1,1 month ago
0xc5f597,1,1 month ago
0xc1bdab,1,1 month ago
0xb23fb4,1,6 months ago
0xd5485a,1,
0x88063f,1,1 month ago
0xa83fa9,1,1 month ago
0x07adba,1,7 months ago
0xe7a806,1,4 months ago
0x8cb33d,1,7 months ago
0x8abfca,1,8 months ago
0x576b41,1,1 month ago
0x5711a8,1,2 days ago
0x297289,1,1 month ago
0xa31cdc,1,3 days ago
0xe0c60a,1,4 days ago
0xf531c7,1,14 days ago
0x4f3cf0,1,20 days ago
0xdc5b96,1,1 month ago
0xca11d1,1,8 months ago
0x7ccd2e,1,1 month ago
0xd76040,1,4 months ago
0xb79157,1,6 months ago
0xbc0cfa,1,1 month ago
0x4223e1,1,1 month ago
0x6f54c6,1,
0x811dfe,1,27 days ago
0xc6f6c8,1,3 months ago
0x1acc96,1,1 month ago
0x6f6ab4,1,4 days ago
0x766bc6,1,28 days ago
0xc2bb6c,1,2 months ago
0xe64777,1,2 months ago
0x123754,1,
0xb63c13,1,1 month ago
0x171f44,1,1 year ago
0x14839f,1,
0xe1b048,1,15 days ago
0x4f764a,1,2 months ago
0xdf02cf,1,12 days ago
0x42de10,1,1 month ago
0x0cca26,1,1 month ago
0x6ed1a5,1,29 days ago
0xc65928,1,1 month ago
0x931284,1,28 days ago
0x34805e,1,1 month ago
0xeb6599,1,1 month ago
0x00df0a,1,2 months ago
0x24f270,1,5 months ago
0x000000,1,
0xffffc3,1,2 months ago
0x834bd4,1,7 months ago
0x466559,1,5 days ago
0xfdf3c6,1,1 month ago
0x87d3ee,1,29 days ago
0x812e5d,1,1 month ago
0xe773da,1,5 days ago
0xfae6ff,1,1 month ago
0x8397e2,1,
0x027cae,1,1 month ago
0xdb75ae,1,2 months ago
0xac0564,1,
0x26141f,1,
0xd6dd69,1,2 months ago
0x068b65,1,1 month ago
0xda44e1,1,7 months ago
0x092cff,1,
0x2b0386,1,7 months ago
0x4c343e,1,
0x0e81ea,1,
0x0a7245,1,23 days ago
0xfb9a27,1,1 month ago
0x0654ef,1,4 months ago
0x04ede4,1,28 days ago
0x16bd68,1,1 month ago
0x606cca,1,3 days ago
0x44b963,1,
0xfde4a6,1,2 days ago
0x96c572,1,8 days ago
0x03804b,1,24 days ago
0x21c839,1,
0x290b4e,1,14 days ago
0x10ab93,1,3 days ago
0xa4d0ad,1,4 days ago
0xac4109,1,2 months ago
0xf3cad4,1,2 months ago
0x3d40e3,1,1 month ago
0xbe6e23,1,1 month ago
0x1b7fcc,1,
0xbd17e0,1,5 months ago
0xa5eae3,1,28 days ago
0x6e8f26,1,4 months ago
0xbe6377,1,6 months ago
0xad3b50,1,1 month ago
0x60ea59,1,
0x45fe0c,1,20 days ago
0x60cd04,1,4 months ago
0x573555,1,
0xc4c1fa,1,
0xb9ccea,1,1 month ago
0x5670ae,1,
0xdf9347,1,14 days ago
0x76ce9b,1,
0x00493a,1,2 months ago
0xe487ed,1,
0xd6d686,1,21 days ago
0xeca9c6,1,1 month ago
0x5a483c,1,5 months ago
0x110929,1,1 month ago
0x4e335b,1,1 month ago
0xfdbd7c,1,1 month ago
0x41bf57,1,4 months ago
0x095a7d,1,3 months ago
0xfdcd64,1,29 days ago
0x7bf182,1,1 month ago
0xd7029b,1,2 months ago
0x444d70,1,
0x6865d9,1,3 months ago
0xb02492,1,12 days ago
0x161dba,1,1 day ago
0xfcc611,1,
0x653d63,1,1 month ago
0x073e9b,1,1 month ago
0xff95c3,1,14 days ago
0x3280f8,1,1 month ago
0x7d8580,1,6 months ago
0x90b2e9,1,1 month ago
0x25b606,1,7 months ago
0x5a8681,1,7 months ago
0x5d843c,1,1 month ago
0xf66511,1,3 days ago
0x5ad27c,1,6 months ago
0xc69ae4,1,12 days ago
0xa7d688,1,1 year ago
0x7fd6c3,1,1 month ago
0xdc925a,1,3 years ago
0x5d8bff,1,1 month ago
0x8363b3,1,7 months ago
0x117846,1,
0xfea037,1,
0x310cad,1,
0x8e8f16,1,29 days ago
0xeee59d,1,1 day ago
0x273667,1,1 month ago
0xee433c,1,11 minutes ago
0xdcaf84,1,1 month ago
0xa4d07c,1,3 days ago
0x5ccaec,1,5 months ago
0x155a92,1,29 days ago
0x52d965,1,1 month ago
0x57a129,1,3 days ago
0x8c6af0,1,2 months ago
0xa7ad42,1,
0xa1a6f7,1,
0xa47780,1,1 month ago
0x7b1d4f,1,4 days ago
0xce8a86,1,
0xcd685e,1,3 months ago
0xae21e3,1,1 month ago
0xba7529,1,1 day ago
0x30e474,1,22 hours ago
0xd5bc69,1,1 month ago
0x898f64,1,6 months ago
0x8da24b,1,29 days ago
0xf49beb,1,4 days ago
0xab4ead,1,
0x446dcd,1,12 days ago
0x95ef2f,1,1 month ago
0xd7a7ff,1,1 month ago
0xd3b4a5,1,6 months ago
0xa0dac4,1,
0xefdfa0,1,1 day ago
0x79cfb3,1,
0x07cc65,1,2 months ago
0x60c728,1,13 days ago
0x56b598,1,29 days ago
0x4909ca,1,
0x7e9961,1,24 days ago
0x25f51d,1,
0x6ea453,1,1 month ago
0x695f0a,1,8 days ago
0xd0f543,1,1 month ago
0x5080b7,1,1 month ago
0x84248b,1,2 months ago
0x86286d,1,
0x7f100d,1,4 months ago
0xd8d908,1,1 month ago
0x623fc4,1,4 months ago
0xdd23ab,1,26 days ago
0x46788c,1,1 month ago
0xe4183c,1,
0x40bad2,1,2 months ago
0x1fbbdc,1,
0x665654,1,
0x38191c,1,
0xa99956,1,
0x09dc14,1,
0x3ede83,1,3 months ago
0xee6ccb,1,
0x37f311,1,3 days ago
0x3088a1,1,
0x5129b8,1,3 months ago
0xddfb6f,1,
0x74dc3d,1,1 month ago
0x8e6ebf,1,
0x488e98,1,5 months ago
0xc2e130,1,
0x11e485,1,1 month ago
0x078037,1,
0x37eb49,1,
0x983f0c,1,1 month ago
0xfd71c1,1,1 day ago
0x0a8836,1,7 months ago
0xf598aa,1,19 days ago
0xf8a4f6,1,8 months ago
0x998e2d,1,
0x3ee18f,1,4 months ago
0x6dbdc8,1,2 days ago
0x69dec2,1,1 month ago
0x928619,1,14 days ago
0x809e7b,1,4 months ago
0x87c926,1,24 days ago
0xfcd457,1,1 month ago
0xe5625a,1,7 months ago
0xcbadec,1,29 days ago
0x0297c8,1,1 month ago
0x541962,1,2 months ago
0x191458,1,8 months ago
0x5bc79d,1,6 months ago
0x06e631,1,13 days ago
0xfce761,1,3 months ago
0x5330be,1,1 month ago
0xb205be,1,1 month ago
0xe2d712,1,1 month ago
0xad9f11,1,2 months ago
0x8d3caf,1,1 month ago
0x2e7296,1,1 month ago
0xedd88c,1,1 month ago
0x20d5a3,1,26 days ago
0xfd127b,1,6 months ago
0x603114,1,
0x7b8961,1,28 days ago
0x554e0b,1,
0x2d891e,1,2 years ago
0x8c2e67,1,
0x086422,1,
0xad4f9e,1,11 months ago
0xbf370b,1,3 months ago
0x46bc2a,1,1 month ago
0x64e005,1,1 month ago
0xc96de7,1,11 days ago
0x0f18c5,1,
0xba304e,1,25 days ago
0xaa1d4a,1,1 month ago
0xc9f565,1,1 month ago
0x996666,1,1 month ago
0x6a3974,1,6 months ago
0x9224bb,1,7 months ago
0x3fae7d,1,1 month ago
0x672a04,1,17 days ago
0x69f068,1,2 months ago
0xfe155f,1,2 days ago
0x67ff0c,1,1 month ago
0x6e3aa8,1,1 month ago
0x000000,1,
0x58455c,1,
0xb63270,1,8 months ago
0x82637d,1,4 days ago
0xfef169,1,3 months ago
0xf5663d,1,7 months ago
0x5ac798,1,
0x26439a,1,1 month ago
0x20744f,1,
0x402ad5,1,7 months ago
0xabc7eb,1,25 days ago
0x2bcdb9,1,1 day ago
0xc7463a,1,3 days ago
0xa523da,1,12 days ago
0xb2f4b1,1,1 month ago
0xb02365,1,
0xfe3a89,1,1 month ago
0xbdc789,1,1 month ago
0x8c4a62,1,1 month ago
0x445c77,1,1 day ago
0xa3c277,1,1 month ago
0x58575c,1,
0xba178a,1,10 months ago
0xd0fee4,1,6 months ago
0xfc11f9,1,8 months ago
0x0d5387,1,1 month ago
0x001da9,1,8 months ago
0x4b4f57,1,12 days ago
0x70580c,1,12 days ago
0x7c901d,1,
0x4edaa8,1,1 month ago
0xe28470,1,
0x4661e5,1,5 months ago
0x5cf857,1,7 months ago
0x7e2d1c,1,11 months ago
0xb277e2,1,5 months ago
0x7a8d8f,1,1 month ago
0x60d25d,1,1 month ago
0x49432b,1,6 months ago
0x00653d,1,4 months ago
0x299eae,1,1 month ago
0x011554,1,1 month ago
0x58d580,1,2 months ago
0x6bd662,1,
0xf21e5f,1,3 years ago
0x906e55,1,5 months ago
0xec6d36,1,20 days ago
0xbfa319,1,5 months ago
0xb733e5,1,1 month ago
0xf6c233,1,
0xfb5625,1,6 months ago
0x890dbc,1,7 months ago
0x1c699f,1,7 months ago
0x0056af,1,1 month ago
0x4ef1ab,1,3 years ago
0x0a645c,1,3 years ago
0x92cfdc,1,1 month ago
0xafd37c,1,1 month ago
0x00a839,1,1 year ago
0xcf0ee1,1,1 month ago
0xf7b335,1,3 years ago
0x7fb715,1,5 months ago
0x76ee90,1,29 days ago
0x10f168,1,18 days ago
0x0735b3,1,4 months ago
0x54372e,1,1 day ago
0x1b6314,1,2 months ago
0x42e148,1,7 months ago
0x93f27b,1,2 days ago
0x8ae57a,1,13 days ago
0x28c897,1,4 years ago
0x9a9358,1,1 month ago
0x6d3568,1,1 month ago
0x81590c,1,1 month ago
0x0b88fd,1,1 month ago
0x51734e,1,
0x6afd3f,1,
0x489941,1,1 month ago
0x337101,1,7 months ago
0xa64fc1,1,3 years ago
0xfb85ff,1,3 years ago
0x7b4f0c,1,
0x91caab,1,1 month ago
0xac4bb3,1,29 days ago
0x6d9194,1,
0x53e9bd,1,3 years ago
0x51d5aa,1,1 month ago
0xc4ed5d,1,3 years ago
0x2a48b9,1,1 month ago
0x621f2a,1,5 months ago
0xa636e1,1,3 years ago
0x75863c,1,5 months ago
0xf163df,1,6 months ago
0x6853a5,1,3 years ago
0x56d906,1,24 days ago
0xad0bcc,1,1 month ago
0x90c19f,1,1 month ago
0xf3d56b,1,3 years ago
0x50c4e8,1,7 days ago
0x77ce19,1,
0x6fe731,1,7 months ago
0xc0d92f,1,5 days ago
0xc9f203,1,5 months ago
0xe5dfd2,1,28 days ago
0x3950cf,1,1 month ago
0x2fd68d,1,3 days ago
0x530cf0,1,1 year ago
0xe9e9b3,1,3 years ago
0x6dabf8,1,1 month ago
0x6be450,1,3 years ago
0xf1db8a,1,7 months ago
0xd9d8a5,1,22 days ago
0x4b17bb,1,1 month ago
0x03fbbf,1,3 years ago
0x3d9456,1,3 years ago
0xc72a7a,1,3 years ago
0xf6852d,1,2 months ago
0xf13a47,1,21 days ago
0x184757,1,
0x694a0c,1,1 month ago
0xeeaddc,1,1 month ago
0xa68529,1,25 days ago
0x89c5dc,1,2 years ago
0x8376c6,1,14 days ago
0xa044ec,1,13 days ago
0xbce3e2,1,3 years ago
0x940657,1,10 days ago
0xfacef7,1,10 months ago
0xc52641,1,3 years ago
0xaad9cb,1,2 months ago
0x37ad75,1,4 months ago
0xcea58d,1,3 years ago
0xd28bfa,1,2 months ago
0xc18c20,1,1 month ago
0xd11c2a,1,3 years ago
0x41497f,1,1 month ago
0xa1712f,1,5 months ago
0x77f713,1,3 years ago
0xce3ecc,1,1 month ago
0x2e9cb2,1,2 months ago
0x7e5b39,1,1 month ago
0x821372,1,12 days ago
0x52f9a6,1,1 month ago
0x8b27de,1,1 month ago
0x9113d4,1,1 day ago
0xb0f96a,1,11 days ago
0x3aafab,1,26 days ago
0x6dfc99,1,5 months ago
0xa2efa9,1,3 months ago
0xb4a8bf,1,26 days ago
0x0d8040,1,4 years ago
0x8ad68e,1,4 years ago
0x342522,1,
0x7132c9,1,1 month ago
0x48587e,1,3 years ago
0x12dc05,1,5 months ago
0x554e3b,1,1 month ago
0x18f4f9,1,4 years ago
0x15396c,1,7 months ago
0xa05758,1,
0x6ea073,1,4 years ago
0xa9e2af,1,1 month ago
0x7b8b8a,1,24 days ago
0x75760a,1,5 days ago
0x2eb516,1,2 days ago
0x06c1a3,1,1 month ago
0xedc9c1,1,4 years ago
0x7b2203,1,1 month ago
0xccf207,1,8 days ago
0xfe4070,1,1 month ago
0x751832,1,3 years ago
0x6a2840,1,1 month ago
0xbfc586,1,3 years ago
0xa02d92,1,7 months ago
0x6d5f1f,1,1 month ago
0xc5e382,1,
0x6cc148,1,3 years ago
0xadb3a2,1,3 years ago
0x1fb9f8,1,3 years ago
0x9ee0fa,1,1 month ago
0x536fb9,1,3 years ago
0x670d75,1,1 month ago
0x57a14e,1,
0x147a3a,1,3 years ago
0x4564d4,1,3 months ago
0x0a383e,1,4 years ago
0x06dc1e,1,3 days ago
0x3f390a,1,4 years ago
0x66c951,1,5 months ago
0xa8d04c,1,1 month ago
0x1e815a,1,1 month ago
0x129456,1,4 years ago
0x2e3368,1,
0xeb6cf8,1,1 month ago
0x355f9d,1,6 months ago
0x9357e4,1,1 month ago
0xfad116,1,23 days ago
0x5bf18d,1,
0x9b49c8,1,4 months ago
0x3fb537,1,1 month ago
0xd9d9d5,1,
0xc0b7ba,1,
0xf23e00,1,8 days ago
0x443b1a,1,3 years ago
0x1c2581,1,4 months ago
0xe6faaa,1,5 days ago
0xa2ba04,1,
0xcc7786,1,1 month ago
0xa2d5f9,1,1 day ago
0xab7244,1,11 days ago
0x861e24,1,
0x44a3cc,1,1 month ago
0x40dcea,1,4 years ago
0x4c4a54,1,5 months ago
0x59900b,1,4 years ago
0x78b599,1,4 years ago
0xe1d29d,1,40 minutes ago
0x9aad50,1,2 months ago
0x9eecb7,1,4 years ago
0x4baa94,1,9 days ago
0x4ceb8d,1,4 months ago
0x2014ae,1,2 months ago
0x028229,1,4 years ago
0x91dcca,1,1 month ago
0x00fef4,1,4 years ago
0x60ba32,1,
0xe8b153,1,1 day ago
0x3d00ae,1,4 years ago
0x86b896,1,24 days ago
0x9402ff,1,13 days ago
0x1c521d,1,29 days ago
0x413804,1,
0xac344f,1,4 years ago
0xc45532,1,26 days ago
0xd8cb7c,1,4 years ago
0xf0dcd8,1,4 years ago
0x4d697e,1,
0xdb9f8b,1,4 years ago
0x479299,1,
0xcf6556,1,1 month ago
0x478b15,1,
0x592234,1,6 months ago
0x82f2c3,1,
0x679220,1,4 years ago
0x7ba652,1,1 month ago
0x1f2bcd,1,4 years ago
0x07c2af,1,29 days ago
0x24582f,1,4 years ago
0x9d9df4,1,4 years ago
0x344eda,1,5 months ago
0x009a61,1,4 years ago
0x051e08,1,
0x1ff60e,1,4 years ago
0x60fe3e,1,1 month ago
0x6f674a,1,
0xc97fdd,1,20 days ago
0x6f7001,1,4 years ago
0x518ae9,1,29 days ago
0x000003,1,1 month ago
0x400936,1,4 years ago
0xaa8ff8,1,
0x689ad2,1,4 years ago
0x26dee6,1,1 month ago
0x680c8b,1,4 years ago
0x4dc133,1,4 years ago
0x769979,1,4 years ago
0xcb8475,1,
0x809a31,1,4 years ago
0x5bb4ff,1,29 days ago
0xad3530,1,4 years ago
0x8883b1,1,4 years ago
0xabf16c,1,10 days ago
0x888227,1,4 years ago
0x0f08f5,1,
0xe29662,1,4 years ago
0x8d8100,1,1 month ago
0xd2b8c7,1,1 month ago
0x0ae572,1,15 hours ago
0x824106,1,
0xa58ea3,1,4 years ago
0xa05c74,1,4 years ago
0x0f19b8,1,4 years ago
0x5d9eed,1,
0x4128f4,1,
0x5c79d3,1,4 years ago
0xaf4e59,1,
0x5eb2ac,1,4 years ago
0xe22c00,1,29 days ago
0x3aeabb,1,5 months ago
0xda0396,1,8 months ago
0x62218c,1,27 days ago
0x9e4a9b,1,1 day ago
0x62cb05,1,3 months ago
0xe1dfb7,1,
0x1f49e1,1,2 months ago
0x55cf34,1,2 months ago
0x10a0b6,1,
0x47398f,1,
0xbbe846,1,7 months ago
0x4cf28b,1,1 day ago
0x389747,1,19 days ago
0xdb013c,1,27 days ago
0x7fadcb,1,2 days ago
0x56244e,1,11 days ago
0x34f26c,1,7 days ago
0x420ba3,1,
0x004aa3,1,
0x6eb9c8,1,
0xd6756d,1,1 month ago
0x03e72d,1,6 months ago
0x4d92ad,1,2 years ago
0xc2297f,1,21 days ago
0x7f314b,1,1 month ago
0xa1f257,1,7 months ago
0x487249,1,1 month ago
0x44da33,1,18 days ago
0x169f6e,1,20 days ago
0x000841,1,1 month ago
0x347294,1,
0x8ed4da,1,6 months ago
0xdd7f51,1,
0xeab37b,1,
0x3fb3af,1,
0x3d0ef2,1,
0x3fc4a7,1,
0x6dd731,1,17 days ago
0x0c2e9a,1,24 days ago
0xca2aa3,1,5 months ago
0x5e438a,1,
0xf2212d,1,
0xc76714,1,1 day ago
0xf3ff88,1,12 days ago
0x3c41f7,1,
0x82cefc,1,
0x381940,1,1 day ago
0xf4f488,1,7 months ago
0x2e1905,1,
0xb85556,1,
0xbea91e,1,
0x92cfc1,1,5 months ago
0x1d4b9b,1,12 days ago
0xc2380d,1,27 days ago
0x1df610,1,3 days ago
0x54be3b,1,1 day ago
0xb78f30,1,1 month ago
0xde0580,1,29 days ago
0xa3cd11,1,4 months ago
0x46ae5b,1,1 month ago
0x52bcd7,1,2 months ago
0x44d93e,1,1 month ago
0xf476cd,1,2 months ago
0x46d9cf,1,
0xa3a454,1,7 months ago
0x4a298c,1,3 months ago
0x664aa3,1,1 month ago
0xba5df4,1,
0x658a29,1,29 days ago
0xa2b0d8,1,1 month ago
0xdc8eb8,1,2 months ago
0xc51447,1,
0xec8e80,1,1 month ago
0xc22b90,1,
0x671f71,1,1 month ago
0x2b93c1,1,
0x91b2e3,1,
0x1d3db4,1,1 month ago
0x1ad100,1,3 days ago
0xb5fb1a,1,1 month ago
0xbbe96d,1,1 month ago
0x0eeed2,1,1 month ago
0x0b7059,1,1 month ago
0x72c6c6,1,
0x5cff88,1,7 months ago
0x99fa5c,1,1 month ago
0x68fdca,1,9 months ago
0x594f51,1,3 months ago
0xdb2497,1,1 month ago
0x1645b3,1,
0x840449,1,29 days ago
0x4dd91f,1,1 month ago
0x1e5aeb,1,21 days ago
0x537bf7,1,1 month ago
0x900d3e,1,1 month ago
0xe5859c,1,29 days ago
0xdc463f,1,1 month ago
0x53e872,1,8 days ago
0x26e3ff,1,3 months ago
0xb3d8c3,1,
0xaa3205,1,
0xb3a4d1,1,
0x1ac7bb,1,7 months ago
0x53a2b2,1,
0xdb24f4,1,1 month ago
0x846ed4,1,2 days ago
0xe54c39,1,
0x752f4a,1,5 days ago
0x342232,1,1 month ago
0x8814c8,1,6 months ago
0x1e341a,1,5 months ago
0xb363cf,1,7 months ago
0xb0f48f,1,1 month ago
0xf5bb69,1,
0xbd9e81,1,1 month ago
0x668097,1,
0x728f25,1,5 months ago
0x5b54ca,1,29 days ago
0xf0692d,1,2 days ago
0x3c2298,1,1 month ago
0x568f5e,1,
0xd562a0,1,5 months ago
0xc48244,1,
0x4059f3,1,
0xb3958c,1,5 months ago
0x8f58b7,1,
0xf3be10,1,1 month ago
0x387a8e,1,
0x34489c,1,26 days ago
0xa4b120,1,1 month ago
0x55013e,1,1 month ago
0x30a356,1,1 month ago
0x769eec,1,5 months ago
0xead28e,1,6 months ago
0xccf43d,1,3 days ago
0xdfa9e3,1,1 month ago
0x1cc203,1,
0x7b6107,1,2 months ago
0x0a56b9,1,
0x19cbb6,1,
0xb94f56,1,1 year ago
0x5ca12f,1,
0x0529f3,1,11 days ago
0xc55d76,1,
0x1b2965,1,1 month ago
0x67c669,1,20 days ago
0x7c5539,1,
0x07dbc9,1,2 months ago
0x337121,1,1 day ago
0x7dbb65,1,
0x7c9b3f,1,8 months ago
0xff2741,1,1 day ago
0xd394cf,1,1 month ago
0x33eaae,1,8 months ago
0x73a6a0,1,15 days ago
0x24c354,1,22 hours ago
0x4b20cc,1,
0xec46dd,1,22 days ago
0x3634f3,1,9 days ago
0x21cf56,1,6 days ago
0xace8a5,1,29 days ago
0xfded90,1,20 days ago
0x1439b4,1,1 month ago
0x251fee,1,1 month ago
0x60d4b1,1,1 month ago
0xace6f2,1,6 months ago
0x46b469,1,1 month ago
0x5a6b8d,1,12 days ago
0x2d019b,1,
0x371b69,1,4 months ago
0x7e3c4a,1,4 months ago
0x45c781,1,5 months ago
0xcd262b,1,22 days ago
0xf4bb4e,1,4 months ago
0xa46f24,1,
0x7d3917,1,
0x5a99fa,1,11 months ago
0xc26488,1,
0xc3bed4,1,24 days ago
0xb4c11a,1,2 days ago
0x8aafe4,1,19 hours ago
0x0087d8,1,1 month ago
0xd7715b,1,1 month ago
0x534feb,1,
0xbed872,1,1 month ago
0x1dfc61,1,
0xe0719a,1,1 month ago
0xe57f90,1,16 hours ago
0x4954b7,1,1 year ago
0x5bbb9d,1,4 months ago
0x81cb22,1,29 days ago
0xcb63de,1,1 month ago
0xdf37ac,1,
0x7c0b1f,1,1 month ago
0x624241,1,1 month ago
0xe8831f,1,13 days ago
0x7971e0,1,2 months ago
0xb666c5,1,
0xfabae3,1,1 month ago
0x7c4382,1,
0xa1830e,1,1 month ago
0xb91ac9,1,
0x79b525,1,2 months ago
0x3cda83,1,
0xcbb9ab,1,1 month ago
0x6e92e1,1,11 days ago
0xa47b31,1,2 days ago
0x98e9de,1,15 days ago
0x773d16,1,
0xf99cb9,1,
0xb5f9b2,1,10 months ago
0x953750,1,20 days ago
0x074cfe,1,7 months ago
0x6e0d9c,1,
0x1bb772,1,4 months ago
0xef764b,1,1 month ago
0xc30a20,1,4 months ago
0x3f072a,1,1 month ago
0xb6d942,1,
0xa9d5f8,1,1 year ago
0x9ccd4b,1,
0x89621b,1,
0xc6ef4a,1,1 month ago
0xfc0483,1,
0xe58660,1,6 months ago
0xfc2afe,1,
0xf83704,1,
0x2e3aef,1,11 days ago
0x3c0969,1,
0x31176f,1,11 hours ago
0x405020,1,3 months ago
0x8c6e56,1,5 months ago
0x2207a7,1,1 month ago
0x4d4230,1,1 month ago
0xa826bd,1,1 month ago
0xc8780b,1,6 days ago
0x862e84,1,
0xbf59e4,1,3 months ago
0x9624f4,1,2 months ago
0x74dacd,1,
0xac707e,1,1 month ago
0x99509e,1,
0x1e20a7,1,4 months ago
0xf52393,1,7 months ago
0x77049c,1,
0x3dee68,1,5 months ago
0xa52763,1,21 days ago
0x84c63e,1,4 months ago
0x2762c7,1,5 months ago
0x2d8d75,1,1 month ago
0x5bfbbb,1,12 days ago
0x7e16a4,1,
0x918a15,1,
0x080c1e,1,12 days ago
0xc0d17c,1,
0x07a75b,1,1 month ago
0x405b96,1,
0xd97024,1,1 month ago
0x69658f,1,4 months ago
0xe5c93a,1,
0x9f435d,1,20 days ago
0x349e01,1,1 month ago
0x3e62ce,1,
0xd75d10,1,1 month ago
0xfad832,1,1 month ago
0xc9b378,1,2 months ago
0x383a82,1,
0x70a78c,1,6 months ago
0xd9b3e9,1,17 days ago
0x0d2e91,1,3 days ago
0x2c6713,1,27 days ago
0xde2ba4,1,7 months ago
0x41bf39,1,1 month ago
0xc8ed6d,1,12 days ago
0xb5ddeb,1,10 days ago
0x7cd7a5,1,1 month ago
0x6d96b7,1,
0x01076e,1,6 months ago
0x609630,1,22 days ago
0xfc80c3,1,4 months ago
0xbd7b47,1,1 month ago
0x527b69,1,6 months ago
0x1eeb82,1,11 days ago
0xacd97c,1,
0x37c4e4,1,
0xb63633,1,
0x1437d2,1,6 months ago
0x3b3d50,1,
0x935fec,1,22 days ago
0x3dd385,1,12 days ago
0x1977c4,1,
0x23f67f,1,6 months ago
0xe78de3,1,6 months ago
0x35aedd,1,
0xa13508,1,1 month ago
0x886bdd,1,1 month ago
0xa4ab20,1,1 month ago
0x76f181,1,1 month ago
0x2de14d,1,1 month ago
0x3f1ac8,1,21 days ago
0x4be529,1,28 days ago
0xc2a4b6,1,1 month ago
0x6c8ee0,1,1 month ago
0xfef679,1,1 month ago
0x38b6b4,1,
0x414771,1,29 days ago
0xcba65e,1,4 months ago
0x96728a,1,
0x577ff1,1,1 month ago
0x08d816,1,4 months ago
0x794316,1,
0x096abb,1,
0xfa3a54,1,12 days ago
0xdee19f,1,5 days ago
0x73524b,1,17 days ago
0xabbc7e,1,1 month ago
0x742b47,1,1 month ago
0x2fabfc,1,5 months ago
0x602669,1,1 month ago
0xc4ee33,1,1 year ago
0xfe5573,1,1 month ago
0x77f682,1,12 days ago
0x3310d7,1,22 days ago
0x4a39ae,1,
0xfa5050,1,12 days ago
0x66f6d6,1,6 months ago
0x3e3567,1,1 month ago
0x9dbe56,1,12 days ago
0xc9a58d,1,4 months ago
0x1ae6a4,1,1 month ago
0xd9ff1f,1,
0xa289be,1,6 months ago
0x37ffbb,1,28 days ago
0x3fdbee,1,1 month ago
0x7db525,1,3 months ago
0x2719ae,1,11 days ago
0xdd1148,1,1 month ago
0x30a73a,1,7 months ago
0x7b7736,1,3 months ago
0x727fb8,1,12 months ago
0x8e4cdc,1,5 months ago
0xb989b8,1,
0xee76ab,1,1 month ago
0xf48093,1,1 month ago
0xf14ff6,1,10 days ago
0x39ba31,1,1 month ago
0xc2d1c3,1,
0x003f35,1,
0xd7e683,1,
0xa1feee,1,1 month ago
0xfd682c,1,
0x9950fe,1,
0xf3cedd,1,
0xa40c8a,1,1 month ago
0x9dabb5,1,
0x5ad2d7,1,1 month ago
0x23417b,1,
0x4d0dc3,1,2 months ago
0x334560,1,26 days ago
0xd26a3f,1,29 days ago
0x066d0b,1,2 months ago
0x963eb0,1,1 year ago
0xe6d2a9,1,1 month ago
0x234e48,1,5 months ago
0xeb9795,1,6 months ago
0x19b579,1,1 month ago
0xce8d27,1,1 month ago
0x293ed3,1,
0xc4dd8e,1,1 month ago
0x36ca48,1,6 months ago
0xac977e,1,1 month ago
0x7ad349,1,1 month ago
0xc54249,1,5 months ago
0xce08d6,1,
0x0dc1c5,1,
0x62e1d5,1,1 month ago
0xc1ac1b,1,
0x8bc333,1,
0x284660,1,
0x4e142f,1,23 days ago
0x2be830,1,1 month ago
0x2587a5,1,12 days ago
0xd88227,1,
0x179456,1,27 days ago
0x8eaa03,1,26 days ago
0xe37302,1,1 month ago
0xbfc4fb,1,1 month ago
0xa62d7a,1,12 days ago
0xaa3851,1,1 month ago
0xc60d5b,1,1 month ago
0x83068c,1,1 month ago
0x321022,1,4 months ago
0x72876c,1,
0x6feeea,1,2 months ago
0x7ed716,1,9 days ago
0x2c4090,1,6 months ago
0x6e9985,1,1 month ago
0xdaab06,1,
0x477028,1,1 month ago
0xd4823e,1,28 days ago
0xc6ae2d,1,1 month ago
0x60129e,1,1 month ago
0x4600a5,1,2 months ago
0x0dd71a,1,17 minutes ago
0x707d6e,1,1 month ago
0xa7f3c7,1,5 months ago
0xd880e1,1,1 month ago
0x954b4c,1,5 months ago
0x99b253,1,1 day ago
0x62f9c9,1,
0x5101a8,1,1 month ago
0x8ee376,1,
0xabf7ab,1,3 months ago
0x255ab1,1,1 day ago
0x04ae2f,1,6 months ago
0xdb1cf6,1,4 days ago
0x521812,1,1 month ago
0x2a8c1d,1,
0x9b53af,1,
0x92e6f7,1,25 days ago
0xa8719a,1,1 month ago
0x1b8644,1,28 days ago
0x36864b,1,4 months ago
0xcb7620,1,20 days ago
0x700e67,1,1 month ago
0x355634,1,
0xef5716,1,28 days ago
0x050159,1,6 months ago
0x7af6ec,1,1 month ago
0xdbd994,1,1 month ago
0x88da36,1,1 month ago
0x525ba4,1,
0xfc840a,1,2 months ago
0xbc7b24,1,2 months ago
0x4191ae,1,
0x59d2bc,1,4 months ago
0xd2e760,1,1 month ago
0x5db8fc,1,1 month ago
0x68a3ed,1,2 months ago
0xb8c50a,1,5 months ago
0xcedd5b,1,
0xe2dcf1,1,1 month ago
0x8b79b9,1,6 months ago
0x44b513,1,
0x5d2354,1,1 month ago
0x37b468,1,26 days ago
0xfe2023,1,
0xb5a8ab,1,1 month ago
0x865c2f,1,8 months ago
0xc1894e,1,1 day ago
0x25006d,1,1 month ago
0x5b00f3,1,6 months ago
0xc4b0d0,1,13 days ago
0x7cd3fc,1,1 month ago
0x968fa0,1,2 months ago
0x584c7a,1,1 month ago
0x86e5ea,1,1 month ago
0x796dff,1,21 days ago
0xb85eaf,1,1 month ago
0x0f4f46,1,1 month ago
0x3c2b4b,1,1 month ago
0x005843,1,1 month ago
0x158b0a,1,3 days ago
0x15235f,1,
0x0bb14d,1,
0x539885,1,1 month ago
0xa5c3a5,1,1 month ago
0xd32ac7,1,25 days ago
0x7989e7,1,5 months ago
0x42f913,1,2 months ago
0x67c753,1,1 month ago
0x87d3a7,1,4 months ago
0xefd6c7,1,
0x2cb6be,1,3 months ago
0xb78305,1,28 days ago
0xa5e84e,1,
0xcacb99,1,25 days ago
0xa98220,1,
0xda24f0,1,1 month ago
0x41ebc4,1,1 month ago
0x135966,1,1 month ago
0x171193,1,
0x167f15,1,24 days ago
0x1e9377,1,28 days ago
0x42f3f7,1,26 days ago
0x733428,1,29 days ago
0x5375f6,1,1 month ago
0x8c794d,1,
0x3a172e,1,1 month ago
0x3ca987,1,1 month ago
0x913645,1,1 month ago
0x4ffef8,1,1 month ago
0x073793,1,11 days ago
0xbaf14b,1,
0xf23a87,1,1 month ago
0x7fd258,1,
0xf1670f,1,
0xf5f26a,1,1 year ago
0xdb1a68,1,12 days ago
0x32b0d0,1,3 days ago
0xa49f53,1,
0xc84a3e,1,1 month ago
0x89d1d8,1,1 month ago
0xf55cfe,1,5 months ago
0xe51309,1,11 days ago
0x399399,1,5 months ago
0x69ecc3,1,1 month ago
0x2c123f,1,1 year ago
0x1adc09,1,
0xa86fd3,1,7 months ago
0x4df765,1,4 months ago
0xcedec4,1,1 month ago
0x40ac98,1,1 month ago
0xfa1c02,1,1 year ago
0xc88542,1,1 month ago
0xa1311f,1,22 days ago
0xdba893,1,
0xb08942,1,15 days ago
0xa7499a,1,4 months ago
0xc30be7,1,3 months ago
0xdf9c93,1,
0x1b32fc,1,6 months ago
0xca105c,1,1 year ago
0x487421,1,1 month ago
0xd96d9d,1,2 years ago
0xa876e2,1,1 year ago
0x62fe39,1,27 days ago
0x55e149,1,11 hours ago
0x95f4b3,1,
0x7e9045,1,7 months ago
0xe48ab5,1,1 month ago
0xf42a33,1,17 days ago
0x997aff,1,4 months ago
0x722645,1,1 month ago
0xe5027d,1,5 months ago
0xb2dca3,1,5 months ago
0xaee55f,1,
0x655a03,1,
0x789e8d,1,7 months ago
0x2b18e9,1,1 month ago
0x5fbee9,1,5 months ago
0x28f442,1,
0xa23dea,1,1 month ago
0x582b21,1,
0x3dae9a,1,2 months ago
0x871f66,1,
0x07e158,1,
0xfb1841,1,1 month ago
0xb693ec,1,5 months ago
0xd7cc2d,1,
0x065b4b,1,
0xf03372,1,11 days ago
0x25054f,1,1 month ago
0xe268cb,1,11 days ago
0xf50791,1,
0x6f3deb,1,1 month ago
0x79a940,1,1 month ago
0x404a3d,1,9 days ago
0x3ac2cc,1,1 month ago
0x1bcb5e,1,11 days ago
0xf28820,1,11 months ago
0x91cda4,1,1 month ago
0x0dd273,1,6 months ago
0xb2546a,1,
0x266892,1,
0xa62dca,1,
0xe5423d,1,1 month ago
0xce2bec,1,6 months ago
0x64597f,1,
0xa59f5f,1,
0x4d98f9,1,1 month ago
0xbfcfdd,1,7 months ago
0x327788,1,5 days ago
0x2ab3fe,1,3 months ago
0xb67d92,1,12 months ago
0xab4cc1,1,25 days ago
0x4f5ecc,1,1 month ago
0x01a23e,1,2 days ago
0x224f17,1,
0xfd3b95,1,3 months ago
0xa12ac3,1,1 month ago
0x06550f,1,
0x2ca212,1,1 month ago
0xb0fb2c,1,
0x98e9db,1,1 month ago
0x137320,1,1 year ago
0xa4c8d9,1,11 days ago
0xc71f4f,1,7 months ago
0xe03a51,1,1 month ago
0x11e13c,1,2 minutes ago
0x228d3c,1,
0xa3b6e1,1,2 months ago
0xe0666c,1,1 month ago
0x6d9a2e,1,8 months ago
0x798043,1,1 month ago
0x675ebc,1,6 months ago
0xabf0ba,1,28 days ago
0x14c112,1,11 days ago
0xdd8afc,1,1 month ago
0x70f191,1,5 months ago
0x351958,1,1 month ago
0xf18fce,1,1 month ago
0x123be9,1,
0xa30994,1,
0x695626,1,1 month ago
0x6ecb60,1,2 days ago
0x92ea9e,1,2 months ago
0xe254b3,1,24 days ago
0x85c0c9,1,5 months ago
0x2584fc,1,1 month ago
0xffe57f,1,12 days ago
0x14d7ab,1,4 months ago
0x04df8d,1,1 month ago
0xec20da,1,6 months ago
0xbf9f90,1,2 months ago
0x7d65bb,1,6 days ago
0x7c0478,1,2 months ago
0x16a7cf,1,2 months ago
0xce4142,1,
0x382681,1,4 months ago
0x507bd0,1,28 days ago
0xab9a36,1,
0x48af2b,1,1 month ago
0xc7eb19,1,
0x8a5a24,1,3 months ago
0x9fe13c,1,
0xf4f1dc,1,1 month ago
0x9de193,1,
0x8980da,1,
0x9179de,1,4 months ago
0x0b9248,1,
0xbc2055,1,28 days ago
0x484a12,1,1 month ago
0x19dbeb,1,
0x2a4821,1,13 days ago
0x39edb9,1,
0x00014f,1,
0x70fcbd,1,
0x2a0b4b,1,5 months ago
0x86f589,1,
0xea8bf9,1,12 days ago
0x598b01,1,27 days ago
0x62cf51,1,1 month ago
0x0ae8a4,1,1 month ago
0xb260ee,1,
0x80e2df,1,5 months ago
0x66058c,1,
0xb6cf25,1,2 months ago
0x2146a3,1,
0x6793f8,1,2 months ago
0x785bc2,1,1 month ago
0xa6d449,1,1 month ago
0x25cb96,1,
0xf5c554,1,9 days ago
0x7f00f2,1,1 month ago
0x0e06d6,1,21 hours ago
0xfed05b,1,1 month ago
0x2d45db,1,5 months ago
0x5e7ab9,1,4 months ago
0x7d199e,1,
0x0f045a,1,29 days ago
0xa0efdc,1,3 months ago
0x7fb48d,1,4 days ago
0x59d4fd,1,2 months ago
0x5d4fd9,1,6 months ago
0x314e07,1,2 days ago
0xcb8172,1,24 days ago
0xd2d70b,1,8 months ago
0x59d20c,1,1 month ago
0xc5417a,1,6 months ago
0x0c3550,1,1 month ago
0x188408,1,4 months ago
0xa081ae,1,29 days ago
0xad0460,1,1 month ago
0xbb634e,1,3 months ago
0x9320ad,1,13 days ago
0x2560b0,1,2 days ago
0xcc4268,1,
0x52768f,1,4 months ago
0xf8cc87,1,3 days ago
0x565cad,1,
0x67d21e,1,1 month ago
0x8e3fab,1,1 month ago
0x1d1c9d,1,1 month ago
0xd478df,1,
0xe8075d,1,10 days ago
0x00d29f,1,1 month ago
0xedb309,1,
0x6f7c41,1,1 month ago
0xba45f8,1,
0x28d804,1,1 month ago
0xe2b108,1,
0x2a7bf5,1,
0xdb81a8,1,1 month ago
0xb71872,1,1 month ago
0x8e726c,1,26 days ago
0x6d790d,1,4 days ago
0x6c9726,1,
0xa7d4e9,1,1 month ago
0xf271fa,1,1 month ago
0xf56969,1,1 month ago
0xcbdcc4,1,27 days ago
0xf566b8,1,1 month ago
0x30040b,1,1 month ago
0xfd1414,1,29 days ago
0x42bac6,1,
0x486d58,1,5 months ago
0xefb57a,1,2 months ago
0x71f06f,1,4 months ago
0xe6683e,1,
0x18f236,1,1 month ago
0x0b8f4c,1,3 months ago
0x4bbabd,1,
0xc01c78,1,1 month ago
0x4e3eb7,1,1 month ago
0x903f59,1,4 months ago
0x71750e,1,1 day ago
0x80dedf,1,1 month ago
0x9963be,1,
0x4897d3,1,26 days ago
0xee08a6,1,1 month ago
0xa1ed22,1,3 months ago
0x7b012e,1,1 month ago
0xcb4de7,1,4 months ago
0xa52d73,1,1 month ago
0x69bb86,1,1 month ago
0x38c6ce,1,1 month ago
0xb622ea,1,1 month ago
0x72fad4,1,7 months ago
0x3bcc68,1,1 month ago
0xd80f31,1,28 days ago
0xb78e3e,1,1 month ago
0x138f2b,1,4 days ago
0x497059,1,18 days ago
0xda022d,1,
0x031f4d,1,1 month ago
0x28996b,1,
0x4aadee,1,1 month ago
0x87b671,1,2 months ago
0xf7b322,1,
0x463ff9,1,
0x254c35,1,
0xecba5f,1,5 months ago
0x000000,1,
0xbfe6ab,1,
0x78ad96,1,
0x8f2a8b,1,7 months ago
0xcc7357,1,1 month ago
0xf892d9,1,
0x7afc3d,1,29 days ago
0x058adc,1,
0xbe88a0,1,
0xcc33b8,1,
0x01c598,1,
0xfbb065,1,
0x162978,1,25 days ago
0xc4bafd,1,13 days ago
0x4b674e,1,
0x7c892f,1,
0x729fbd,1,
0xf75fcd,1,29 days ago
0xd57308,1,1 month ago
0xd9e912,1,2 days ago
0x692468,1,
0xc61167,1,11 months ago
0x5f0bd0,1,1 month ago
0x000000,1,
0xfa71be,1,1 month ago
0x67edd0,1,1 month ago
0x3def56,1,
0x1ff287,1,
0xb954f8,1,
0xc5c10b,1,4 days ago
0x6c22a9,1,1 month ago
0xa39371,1,1 month ago
0xf11538,1,1 month ago
0xa0d728,1,
0xc991fd,1,6 months ago
0xfe8d12,1,
0x295ce3,1,6 months ago
0x667f56,1,
0x87f669,1,
0x5f6488,1,
0x8a0a56,1,1 month ago
0x84e47b,1,11 days ago
0x6ba492,1,
0xaee4bd,1,
0xb4b37e,1,
0x35ffc4,1,1 month ago
0xdafd09,1,8 days ago
0x8fc011,1,7 months ago
0xc04f55,1,1 month ago
0x81e466,1,
0xf2b097,1,
0xe9aa44,1,12 days ago
0x8a10c6,1,1 month ago
0x869ce6,1,
0x5ed0f6,1,
0x17e31b,1,2 years ago
0x6f380a,1,1 month ago
0xeee6e0,1,
0xd4fe20,1,
0x306022,1,2 years ago
0xa9c09f,1,2 years ago
0xf26f2f,1,
0x0006e4,1,20 days ago
0x1e9bab,1,7 days ago
0x34394e,1,1 month ago
0xcc1a2b,1,1 month ago
0xd461c0,1,1 month ago
0xfb5251,1,6 months ago
0xace34f,1,1 month ago
0x8c0ff4,1,2 days ago
0xbddac3,1,1 month ago
0x3efe8b,1,1 month ago
0xbd066b,1,2 years ago
0x44f4fd,1,
0x0dee5b,1,7 days ago
0xabf107,1,26 days ago
0xdf1fbe,1,1 month ago
0x2e10fd,1,2 months ago
0x327971,1,
0x6176d1,1,
0x48d0f0,1,1 month ago
0x30a957,1,2 months ago
0xcb5fba,1,2 years ago
0x637481,1,1 month ago
0x80dc4b,1,1 month ago
0xc71300,1,12 days ago
0x089428,1,
0xf0c2ec,1,1 month ago
0xefcc4c,1,1 month ago
0xaf2b3a,1,1 month ago
0xbfc211,1,
0x1cc198,1,
0xd271db,1,7 months ago
0xf29155,1,15 hours ago
0xd81cd9,1,24 days ago
0xaafcc8,1,1 month ago
0xf4e115,1,2 years ago
0x6fe97d,1,1 month ago
0x728b0f,1,4 months ago
0xdbc484,1,
0x22eab1,1,1 month ago
0x2363b1,1,2 years ago
0x5ab584,1,24 days ago
0x661c12,1,4 months ago
0x21a4c2,1,
0xc8a7dd,1,1 month ago
0x038666,1,5 months ago
0xf4d86e,1,2 years ago
0x72ba19,1,7 months ago
0xc4145c,1,24 days ago
0x59cdf8,1,1 month ago
0x367fd6,1,1 month ago
0x2a15ca,1,2 years ago
0xec6fa6,1,
0x4c85ec,1,2 months ago
0xf3551f,1,1 month ago
0x97c0db,1,5 months ago
0x7c1958,1,1 month ago
0x510bd1,1,4 months ago
0xfa898e,1,
0x840724,1,19 days ago
0xe5546f,1,1 month ago
0x91b7f6,1,1 day ago
0x18e278,1,
0x984d3e,1,
0xaa83ea,1,2 years ago
0xbc2089,1,6 months ago
0xf00f54,1,1 month ago
0x1b0e8b,1,12 days ago
0xad4d70,1,8 days ago
0xe08c32,1,2 years ago
0x3e17fa,1,1 month ago
0xa5331e,1,1 month ago
0xb1879d,1,7 days ago
0x0e2f47,1,1 month ago
0x85ab42,1,2 months ago
0xcc72f7,1,1 month ago
0xd373b2,1,1 month ago
0x6e30a4,1,3 months ago
0xbd12b9,1,
0xd74f18,1,
0x00a2ee,1,2 days ago
0xa47093,1,1 month ago
0x5cf962,1,6 months ago
0x962bd5,1,5 months ago
0x4136e3,1,16 days ago
0xe50a22,1,1 month ago
0x78e6fe,1,2 months ago
0x14ae81,1,1 month ago
0x82b15b,1,
0x98dda2,1,1 month ago
0xc442b7,1,
0x7d422c,1,9 hours ago
0x99c63b,1,
0xd41d35,1,1 month ago
0xe0297e,1,1 month ago
0xca8653,1,
0xe4709a,1,2 months ago
0xdde542,1,
0xee113b,1,10 days ago
0xba8dd3,1,21 days ago
0x020cf2,1,1 month ago
0x1fdf89,1,19 days ago
0x33fa7a,1,2 months ago
0xde3df7,1,22 days ago
0x343ad7,1,1 month ago
0xf143e0,1,19 days ago
0x117c6e,1,1 month ago
0x88b79c,1,
0xb9bad1,1,
0xf9963d,1,1 month ago
0x5b21da,1,1 month ago
0x9af979,1,
0xf82502,1,5 months ago
0xae3fc7,1,
0x833d9f,1,9 days ago
0xaa47a4,1,19 days ago
0x2afa2d,1,1 year ago
0x7b865d,1,3 days ago
0x2326d4,1,1 month ago
0x63c0ec,1,1 month ago
0x602515,1,
0x9bb3e0,1,
0xf450a1,1,
0x6dea2b,1,3 days ago
0x812b4e,1,
0xfa948c,1,
0x043f42,1,1 month ago
0xe29e61,1,7 months ago
0x0c54a7,1,2 months ago
0x6f3c65,1,27 days ago
0xb47c72,1,7 days ago
0x12c9c4,1,1 month ago
0xf3b674,1,1 month ago
0xd9046e,1,4 months ago
0x5e4bfb,1,1 month ago
0x074e3d,1,10 months ago
0xe937e8,1,3 months ago
0xaba29c,1,
0x41fcf4,1,
0xad7a00,1,
0xc69f5d,1,
0x1e4e1f,1,
0xf4f8fb,1,
0x4e2a1b,1,13 hours ago
0xae43b2,1,1 month ago
0x59dbce,1,25 days ago
0x768033,1,
0x0aa648,1,
0x9f7869,1,
0x6240f6,1,
0x8d23be,1,
0x7f208e,1,
0x57ff0d,1,
0x87b740,1,7 months ago
0x228342,1,
0x89d538,1,
0x9f2942,1,2 years ago
0x4a657d,1,9 days ago
0x9cf33c,1,
0x693bcc,1,
0x538faf,1,25 days ago
0xd85659,1,
0x4ddcf8,1,8 days ago
0x22ffff,1,
0x2d3e74,1,
0xc17e12,1,
0xd1e190,1,
0x25aa9d,1,
0x290fbe,1,1 month ago
0x2e73aa,1,28 days ago
0xa387c8,1,1 month ago
0xd3b52a,1,22 days ago
0x0eee19,1,18 days ago
0xa22724,1,1 month ago
0x15508e,1,1 month ago
0x0aa78b,1,
0x283e16,1,2 months ago
0x2c3541,1,1 year ago
0x072269,1,8 months ago
0x2dcd41,1,2 years ago
0xbb3bc7,1,1 month ago
0xbca379,1,
0x74857f,1,13 days ago
0x74ec63,1,1 year ago
0xf7bc41,1,
0x6a46f1,1,
0xed5960,1,11 days ago
0x8a431a,1,4 months ago
0xd79a09,1,2 years ago
0x463493,1,2 years ago
0x1d6220,1,2 years ago
0x1b21a4,1,12 days ago
0x9fdf72,1,8 months ago
0x4dc8a4,1,1 month ago
0x52782c,1,25 days ago
0xb76e77,1,21 days ago
0x520297,1,
